fichier,taille,hash,ext
README.md,2891,88941776f59c34d71b7b8135b72b948799f87033,.md
TDM/1970_CIR_SAC_0317.pdf,18441199,95f3eda66cfd31810e2ff4b4d4efd0d7ddfd4070,.pdf
TDM/1972_CIR_SAC_0260.pdf,13588415,8625ad5045f2e2431f300fa5485401d518718c43,.pdf
TDM/1972_CIR_SAC_0350.pdf,27231597,f35d8229bc626f789e57e7b5ab80cbaa37d304af,.pdf
TDM/1973_CIR_SAC_0011.pdf,1762159,7bd71830b245897c8158c8546851572bdeda763b,.pdf
TDM/1973_CIR_SAC_0014.pdf,4897884,526d9f1bf1aef288856f79ac331cd1b2197f7de0,.pdf
TDM/1973_CIR_SAC_0019.pdf,7544260,9b656b5db4f55551d0fc02e291cf778183e52d03,.pdf
TDM/1974_CIR_SAC_0012.pdf,39641460,4388edae80e733c3523c2853d56cbcd823a90527,.pdf
TDM/1974_CIR_SAC_0013.pdf,9123808,0a1b7472d30cc2adcfa98f6984ef6bf5347e33f8,.pdf
TDM/1974_CIR_SAC_0015.pdf,62733256,e67af0a8e378c641225b0f6d277d54fe29cc194a,.pdf
TDM/1974_CIR_SAC_0046.pdf,49337482,a07a1e28cc78468e7d918a39f005ba38f1815211,.pdf
TDM/1974_CIR_SAC_0134.pdf,158631137,7821811554f37f047fcceed6cd5a27f3908664d8,.pdf
TDM/1974_CIR_SAC_0239.pdf,210106950,ccee9a58cf623437fa6ca60d2491d239e98bf0ec,.pdf
TDM/1974_CIR_SAC_0357.pdf,31107044,fca58d3e43d1b8c158742625e0c122b516cb6163,.pdf
TDM/1974_CIR_SAC_0363.pdf,14261126,e1d3d0c37d20bd711d1b37dd87361f3ff310ccb2,.pdf
TDM/1975_CIR_SAC_0096.pdf,5365463,672729e87171a43e8d9db2c0651dd55be0d9c54a,.pdf
TDM/1975_CIR_SAC_0130.pdf,425788536,500024518680f7774b9895cfe574be5a6cafc739,.pdf
TDM/1975_CIR_SAC_0249.pdf,11330365,5080d07f74e03e0b273e2a1e55d53a9e176d75d1,.pdf
TDM/1975_CIR_SAC_0304.pdf,79086070,5c4414b258a9faf1f290089f5c97cf13c9fb8406,.pdf
TDM/1975_CIR_SAC_0358.pdf,76629168,4cd1a28da920f29f5cfc6e0756f31c1e08290058,.pdf
TDM/1975_CIR_SAC_0359.pdf,76547223,04a246eb86d7398b907882eb2040cb8b400ee759,.pdf
TDM/1975_CIR_SAC_0360.pdf,109799028,49a732b213e76290678f993e4d3eaf784fa57a76,.pdf
TDM/1975_CIR_SAC_0361.pdf,26258162,f31d9c7f76835f52ef7d101260e47ecbd301519c,.pdf
TDM/1976_CIR_SAC_0250.pdf,19692290,eb83dba49fa79074a3ec4c8c7600a4fc2f7c0133,.pdf
TDM/1976_CIR_SAC_0251.pdf,117279270,da910660a4db59dd8cd32a29afce1baee82ccc63,.pdf
TDM/1976_CIR_SAC_0310.pdf,49660067,b545094cf9328fa415b4e85d0d5704439c7c8d84,.pdf
TDM/1976_CIR_SAC_0353.pdf,12258957,148e01bb710c16328e7ae936acfa68440a708f2a,.pdf
TDM/1977_CIR_SAC_0311.pdf,52454924,2aa5e19c7c10acb9d375c31b614907edd3190fda,.pdf
TDM/1977_CIR_SAC_0335.pdf,9863631,3c87a5f42a503222291862d63496e4d46f182012,.pdf
TDM/1977_CIR_SAC_0336.pdf,14490208,5635092f990baf2723a47f0becac4d5661370e00,.pdf
TDM/1977_CIR_SAC_0337.pdf,7805996,4600fcf6daece68871fa8d059f3dba2d4c3391e5,.pdf
TDM/1977_CIR_SAC_0338.pdf,10498361,beedb53235dddbb5f31ebc250d6adfab7421bb77,.pdf
TDM/1977_CIR_SAC_0339.pdf,30291414,bee6d272fbfeaa19923e9029fd92abef50763e8d,.pdf
TDM/1977_CIR_SAC_0342.pdf,16634643,cad043b612219e9fbe7d551a4579cbe172244d3a,.pdf
TDM/1977_CIR_SAC_0343.pdf,10224244,5657748b313b48a1de2d3bd2ff1e883b8c287a36,.pdf
TDM/1977_CIR_SAC_0347.pdf,21029210,7dde1213df95a16df4d3000103676f34540f39a9,.pdf
TDM/1977_CIR_SAC_0348.pdf,17115284,8721e7bfac289d5afdb63cf8368c2ff79c65e047,.pdf
TDM/1978_CIR_SAC_0254.pdf,21409638,455ea58d712dd00059d635957ebf9a31d73c3a9b,.pdf
TDM/1978_CIR_SAC_0300.pdf,35234496,c8e3df9731a46dc190813434e8f2c1d99d58a31e,.pdf
TDM/1978_CIR_SAC_0324.pdf,2600829,067c210062ecdc2e8b77a7ab5d31392be3f05705,.pdf
TDM/1978_CIR_SAC_0327.pdf,42758240,4810477116ea2e455c0bc3951c8c7fbf67bf802e,.pdf
TDM/1978_CIR_SAC_0331.pdf,20603195,e17d59f8b6175d503318295e6abfb7b818c05543,.pdf
TDM/1978_CIR_SAC_0332.pdf,26406280,28cee59e307c213b8ccf080a4a1f50fbd28f6cf9,.pdf
TDM/1978_CIR_SAC_0333.pdf,13876942,634f52de688f778416608547aa8e46da66f87348,.pdf
TDM/1978_CIR_SAC_0334.pdf,40345467,2963b2c177c28003df5be4615dbc9fc7f45de326,.pdf
TDM/1978_CIR_SAC_0354.pdf,18167814,520f9c63f2f455854878f329e1b8b5c4dd97cb0b,.pdf
TDM/1978_CIR_SAC_0372.pdf,123757633,5c34b727c25b35772a9a8b8e75bcc141b1cfe144,.pdf
TDM/1978_CIR_SAC_0373.pdf,30964520,be76a5c38afd9b7186345a65c02706123eef8ad6,.pdf
TDM/1979_CIR_SAC_0258.pdf,34762411,b18606cf8fbee93cfffeb25fd39cd9400a2b6825,.pdf
TDM/1979_CIR_SAC_0261.pdf,24970274,00e424fa470e19c51979f6bfeca52e5744526bfe,.pdf
TDM/1980_CIR_SAC_0129.pdf,169114731,7657af7faced716583d7b1522cc90a8bbc6a1367,.pdf
TDM/1980_CIR_SAC_0129.txt,205740,78ded2e6ef455ae1ff2fa7c2273ab3499e6253ba,.txt
TDM/1980_CIR_SAC_0133.pdf,40483675,e4e6cbf29f8f6dd5e693eff3664d6c821ec15472,.pdf
TDM/1980_CIR_SAC_0133.txt,83242,506db1b5ecd229b3acf6c12964091c0cb70ad88c,.txt
TDM/1980_CIR_SAC_0230.pdf,880647,c6b7bc4a1bf216182898dd9ff916092df07c14c4,.pdf
TDM/1980_CIR_SAC_0230.txt,2034,9326846243170d9768c6535adef406c839ea8b5d,.txt
TDM/1980_CIR_SAC_0230b.pdf,217686,3fc9def53bc84478b3b331a91ec29e337d86339d,.pdf
TDM/1980_CIR_SAC_0231.pdf,14301238,78154ba65f6cf319d2e680c4c879c0c1b19298f1,.pdf
TDM/1980_CIR_SAC_0231.txt,18647,f5900a9e6c503b1cf478e14ec1e44d635ee6fcca,.txt
TDM/1980_CIR_SAC_0233.pdf,48378876,c1236b34c93842416960ff4fdaa29a47136a333e,.pdf
TDM/1980_CIR_SAC_0233.txt,62282,90a3b0f45089ae8f1ce5948e0b245a918dec6750,.txt
TDM/1980_CIR_SAC_0234.pdf,20930129,124a0b858df4886387f11842e39ce9fc06b09d9a,.pdf
TDM/1980_CIR_SAC_0234.txt,41918,c5b408abc583f413ff41c9d105c9e44157ebab92,.txt
TDM/1980_CIR_SAC_0240.pdf,15600197,6a3064d6f017d212058a275652dc37edb756feb2,.pdf
TDM/1980_CIR_SAC_0240.txt,21097,28f7422b02ca87b8a4a16842d6f67b3a9aa23cea,.txt
TDM/1980_CIR_SAC_0240b.pdf,3509751,ef67b80f0d21f58b0562251a2672c222eae55341,.pdf
TDM/1980_CIR_SAC_0299.pdf,105791509,936de670d3b9f90cb777550f408ce3c99f77d371,.pdf
TDM/1980_CIR_SAC_0299.txt,99552,7bd5af90fd6d7d17ff15583eb2d9e5b934b90b03,.txt
TDM/1980_CIR_SAC_0326.pdf,2477322,093ba59c3168ac52f4bd670679100c9e8e66ae43,.pdf
TDM/1980_CIR_SAC_0326.txt,52,a8128a4c88ce7f4c6e553b7c92127fc3fc0edb26,.txt
TDM/1980_CIR_SAC_0344.pdf,15899262,d9ba0491679922eebe36be529b0925f3ede71f39,.pdf
TDM/1980_CIR_SAC_0356.pdf,27985934,c0a79cfb7fd6d51588d9f74149169ea26f43eb70,.pdf
TDM/1980_CIR_SAC_0378.pdf,45209359,0f6f12d7273b584c6b3f9fb0015982fa20eeb12c,.pdf
TDM/1980_CIR_SAC_0380.pdf,13065375,cdb0ff2d2fe878ee07966924427604802399dbeb,.pdf
TDM/1980_CIR_SAC_0381.pdf,16464427,315f3b1c27416a48cfb9b6af7712e90d4326fe42,.pdf
TDM/1981_CIR_SAC_0136.pdf,18634647,457fb67037c6b8c6d7665f7bbf4e8706c960e051,.pdf
TDM/1981_CIR_SAC_0257.pdf,31825853,684b37d347725ff975d7b10ea6bea7fa612aa7c3,.pdf
TDM/1981_CIR_SAC_0259.pdf,17397607,e73ee164bc16f7f3ad463e2fb1d747ee7285a96f,.pdf
TDM/1981_CIR_SAC_0262.pdf,30278157,33910064fc71d451e3fb984b7e423b731e24d363,.pdf
TDM/1981_CIR_SAC_0264.pdf,53184400,c4505a542c459f1e73048b5755de0d3be4ad5d98,.pdf
TDM/1981_CIR_SAC_0265.pdf,8321891,e817b201c65780cf947d938fd90fedc665a076c5,.pdf
TDM/1981_CIR_SAC_0266.pdf,5695154,77b325a80b869df7764df7114e3617fbf4d3ee02,.pdf
TDM/1981_CIR_SAC_0268.pdf,10559886,b5903e902ed0f0d717eb974937bc3044d078268f,.pdf
TDM/1981_CIR_SAC_0270.pdf,20236693,6d35c4d707ffd5e322f47c7f9aea24f827d6cfc3,.pdf
TDM/1981_CIR_SAC_0271.pdf,19622685,e227488ae63c89c07514e89608b3adf80cbe8936,.pdf
TDM/1981_CIR_SAC_0385.pdf,25154639,c4dc4976526008e90b91033f29a080208e750b4b,.pdf
TDM/1981_CIR_SAC_0385b.pdf,31695191,1c57440d3eeb7f01a84309964efc2733f328abb2,.pdf
TDM/1981_CIR_SAC_0387.pdf,15854674,c08b84c289427b5875fdfae8cb879b7c2d2041dd,.pdf
TDM/1982_CIR_SAC_0027.pdf,3976925,269f395d507ce5fab59c6df9882312b842102acb,.pdf
TDM/1982_CIR_SAC_0269.pdf,14132632,a49b8545008a41a6ccd19d1f4d01e4954f772fc6,.pdf
TDM/1982_CIR_SAC_0273.pdf,64137648,c4c11460df83d231fd0c12e5c74cef711128c1e9,.pdf
TDM/1982_CIR_SAC_0274.pdf,22437826,13c239b59c49a5eaa7a66f08108c636d22b9e49f,.pdf
TDM/1982_CIR_SAC_0275.pdf,32866873,46d47fa7c7ac78722680e03f02dd710445b13e08,.pdf
TDM/1982_CIR_SAC_0277.pdf,4744327,187a08e41894710d35504b7ef3560766a5df5924,.pdf
TDM/1982_CIR_SAC_0278.pdf,14362339,a14109aa734cceba1d941f3d0dfbec4a85ea5899,.pdf
TDM/1982_CIR_SAC_0291.pdf,1649411,8e40152b21cb93c5273cfbd51294bcd0ca84116f,.pdf
TDM/1983_CIR_SAC_0083.pdf,8189186,4e69d06f1a4ef550748cfbcb7273e484710a4a06,.pdf
TDM/1983_CIR_SAC_0101.pdf,3661209,e24ed55480fb07633df4e44ba33f74f0d6f5493f,.pdf
TDM/1983_CIR_SAC_0131.pdf,188860192,09a6ec1728a70dcef9936befca4a6d0d3e574cba,.pdf
TDM/1983_CIR_SAC_0194.pdf,9303855,f1aea73838f05762c16f1c67c535ae91dc2f6ea7,.pdf
TDM/1983_CIR_SAC_0228.pdf,4496747,4ac1d5cde61bc29935d2031e57e3eed679a70faf,.pdf
TDM/1983_CIR_SAC_0238.pdf,2717661,fcaf24d64d4b8f0d3279b238054bdc9591c36b65,.pdf
TDM/1983_CIR_SAC_0241.pdf,32596991,5a92a6822a16552c2f142a2f518ded02c3ed070b,.pdf
TDM/1983_CIR_SAC_0242.pdf,9480208,88bbf6df022019941255498741d2ebe8976fb413,.pdf
TDM/1983_CIR_SAC_0243.pdf,36691618,f4167e187f3df99fbbc051ce35d108b0b6d8247c,.pdf
TDM/1983_CIR_SAC_0244.pdf,13006561,437112abbd2bd88793f100b4b48ae2b38b45b6fe,.pdf
TDM/1983_CIR_SAC_0245.pdf,5156359,304735df502544bfd251d03528bf1d60a50133de,.pdf
TDM/1983_CIR_SAC_0246.pdf,12326124,4dc5a37ba16d22b7bb62dd5490fe978945337f58,.pdf
TDM/1983_CIR_SAC_0248.pdf,11937613,ff40351b0f0f88f35f3f90b298d58a14aecedf68,.pdf
TDM/1983_CIR_SAC_0293.pdf,4591821,9f2d9f87961f4efa3408383d8f6ece02cc256079,.pdf
TDM/1983_CIR_SAC_0295.pdf,10735516,893befb856d6e8d9db7cf1d20a385d2c8a5dc8cb,.pdf
TDM/1983_CIR_SAC_0296.pdf,18079890,c9634f3a76f01055c9f9f5641de044db13cd7332,.pdf
TDM/1984_CIR_SAC_0031.pdf,20306194,154a551c69bdcc65c1b71ec938358c4deda0a5ea,.pdf
TDM/1984_CIR_SAC_0061.pdf,50051403,b96705fb6fa352e8fface443ca729574ba15c23b,.pdf
TDM/1984_CIR_SAC_0074.pdf,17078743,1ce9cf31ce3abdf4dd608d81cc498f9e8528ea69,.pdf
TDM/1984_CIR_SAC_0075.pdf,16209819,a6190ec96499a42928eebc033b069796e5076504,.pdf
TDM/1984_CIR_SAC_0077.pdf,37189418,eaebc4dd3f2a85feab2a1afe1b8d8975b05f537f,.pdf
TDM/1984_CIR_SAC_0078.pdf,0,da39a3ee5e6b4b0d3255bfef95601890afd80709,.pdf
TDM/1984_CIR_SAC_0078b.pdf,7695456,ced61396472200ea73fe38b862fc29c2b1868ade,.pdf
TDM/1984_CIR_SAC_0079.pdf,73458715,8d0779495bb9bdb6a07de696cbd0924394a70ba6,.pdf
TDM/1984_CIR_SAC_0080.pdf,29064926,a0cabe40907d4a0e8b1c5bad9c337ab96d37c7b9,.pdf
TDM/1984_CIR_SAC_0081.pdf,16271692,203b8342b798ba4e0ca4f870c6e4da8bc396d6db,.pdf
TDM/1984_CIR_SAC_0086.pdf,16883548,5136efe8a1b0038120ec2e7dd79c6d4c6330edc6,.pdf
TDM/1984_CIR_SAC_0087.pdf,298754332,8e3477cba6aa4b0a1a9ca4233587c69127a1bcb0,.pdf
TDM/1984_CIR_SAC_0122.pdf,9741541,0774492888dbdc6a1c89b9ba1390fd2b336a0070,.pdf
TDM/1985_CIR_SAC_0065.pdf,18829213,693dfe52e5ad1d7eb0ad0d1e048c1ea19ba74093,.pdf
TDM/1985_CIR_SAC_0066.pdf,6549270,e69e2f2ba84f813b10f392b5538b53b309d73c0a,.pdf
TDM/1985_CIR_SAC_0103.pdf,5323902,fd2be522574ef1abbf996f7588f497c23231ba58,.pdf
TDM/1985_CIR_SAC_0107.pdf,5715733,34d82f8915b7334d6b4cf9675666475fe9ed2634,.pdf
TDM/1986_CIR_SAC_0069.pdf,10703036,2584fa0a649e0f6570e370fa05f0ff3de787472a,.pdf
TDM/1987_CIR_SAC_0049.pdf,11451743,5143b6a2c6c3d6e205027abf586a7465757c92be,.pdf
TDM/1987_CIR_SAC_0055.pdf,14809573,73e8ba418c141a3014057f62c186b017660bb116,.pdf
TDM/1987_CIR_SAC_0062.pdf,34419327,82325b3c4b0a865f6f8145801c544db19ec9c01f,.pdf
TDM/1988_CIR_SAC_0051.pdf,18533883,22ab7dda9bb77942c5283d7a4654452baaa5f632,.pdf
TDM/1988_CIR_SAC_0052.pdf,25230934,70f65131bc6073c2266e484f29339e42e99a1f08,.pdf
TDM/1988_CIR_SAC_0053.pdf,47302742,7f3d763b1391361634d8c6325280952d68189730,.pdf
TDM/1988_CIR_SAC_0054.pdf,29444116,d5c4f29d03eaa04259bad07ab3eb014fbd08521e,.pdf
TDM/1988_CIR_SAC_0056.pdf,6723025,4b636198ec5e35073ffc464c88e1143f447a647b,.pdf
TDM/1988_CIR_SAC_0059.pdf,47760105,72e47ead37fac50f5c7b50472b03e941a41bcde8,.pdf
TDM/1988_CIR_SAC_0060.pdf,7067978,1e072bc13f886ae5c2b534cd592184f986f84f80,.pdf
TDM/1988_CIR_SAC_0063.pdf,21749643,4a4e6b39dae7b2543237d615e37ef914263135cb,.pdf
TDM/1988_CIR_SAC_0071.pdf,46991830,30fc7b7d5614884071795182cd28e504f86711b6,.pdf
TDM/1988_CIR_SAC_0092.pdf,4784854,86304bf8d9f275e7fc95e785825f2bda8d566d71,.pdf
TDM/1988_CIR_SAC_0093.pdf,4031072,801143fb9ec5f838d26c4df68041b8cb7b11ce77,.pdf
TDM/1989_CIR_SAC_0143.pdf,30726912,301a752641499d5eeb933a2aa1f369f3f163f8cb,.pdf
TDM/1989_CIR_SAC_0162.pdf,8426020,1eb0783ccdfbecaad3c42892f66e8503ed0e4725,.pdf
TDM/1989_CIR_SAC_0164.pdf,16145428,72fa4919995bebc4a013eb147e63233af3ee4ce8,.pdf
TDM/1989_CIR_SAC_0166.pdf,12151080,4689a893a5b866ef0f01096dd60ca39d9fada968,.pdf
TDM/1990_CIR_SAC_0138.pdf,16960584,581cc0a9b7b7d7d898862a505743f54c354fd283,.pdf
TDM/1990_CIR_SAC_0144.pdf,14433382,583c6652fea84ae491ad2a15a82eac9a7d5c9356,.pdf
TDM/1990_CIR_SAC_0146.pdf,26038896,5c0bb24ed44118fa26b6e5aeae17f26b1586fb34,.pdf
TDM/1990_CIR_SAC_0147.pdf,40748061,1f3e0cf0c18d52b1a312f212683803671a16a60d,.pdf
TDM/1990_CIR_SAC_0148.pdf,29260536,22de13f5f293b1b5b903a170276a18781f3129db,.pdf
TDM/1990_CIR_SAC_0149.pdf,27753654,d832d2512b71064730557bcc6f7d4453a2a13f99,.pdf
TDM/1990_CIR_SAC_0198.pdf,6562891,a33ac23e22ce737d825dc28a8ca39e00ceb17196,.pdf
TDM/1991_CIR_SAC_0139.pdf,26587788,e23c473e9d61aedd422f431edda914302b4c875c,.pdf
TDM/1991_CIR_SAC_0150.pdf,10769215,8a8c91e7a0908d8496a6a6eb64a6137c16225fe7,.pdf
TDM/1991_CIR_SAC_0151.pdf,5211372,6adc912981c6225f0e2b08dcbf0df94a591c1970,.pdf
TDM/1991_CIR_SAC_0152.pdf,2741114,a67b700b61c06c25cf496e6b782b0f174b333c8d,.pdf
TDM/1992_CIR_SAC_0045.pdf,38977953,4734e3bc2976b09d46a7b0a54444e64d5d4db67a,.pdf
TDM/1992_CIR_SAC_0084.pdf,19356146,ed330f0581015e69bee9ed8383a704dbe08625ea,.pdf
TDM/1992_CIR_SAC_0140.pdf,26650855,60ceaad7f65b12842a683ad9d360c942d718c88b,.pdf
TDM/1992_CIR_SAC_0141.pdf,19624134,fcc8fead15f6e7f283d7fa78050004253244c49e,.pdf
TDM/1992_CIR_SAC_0153.pdf,6780919,66a5f7209f5c40273dbf14857d622c933cece052,.pdf
TDM/1992_CIR_SAC_0155.pdf,34577558,b97b3966dea54ec0c4cc808adf04643f09f787eb,.pdf
TDM/1992_CIR_SAC_0160.pdf,12907800,3ee731d07924d64eec90b09bcb8151ad4bc1972d,.pdf
TDM/1992_CIR_SAC_0282.pdf,10786756,5a0f1f65a2b1ef7eaadb6e7a5aaaa46a0e999366,.pdf
TDM/1993_CIR_SAC_0043.pdf,41526383,f8e3ff87aded9c1770a8f1ba400631c2cab2d160,.pdf
TDM/1993_CIR_SAC_0108.pdf,7210352,432eedf8863179d941cbd43ce83cfe3a3aab9972,.pdf
TDM/1993_CIR_SAC_0156.pdf,8470925,6b3587dce22c7be144c1f67d80ab06d3be38ffc5,.pdf
TDM/1993_CIR_SAC_0157.pdf,21787370,735aec5d92363b269c6194317e9c397594ab24b2,.pdf
TDM/1993_CIR_SAC_0158.pdf,20605911,1e4042dda119349c7e2059be6e79204befaa37ad,.pdf
TDM/1993_CIR_SAC_0159.pdf,21208377,18ee6172869c51524425784bf13059dd4843217b,.pdf
TDM/1993_CIR_SAC_0161.pdf,8303365,0b9b236200e49ccf5cb1d1d74ea5e27c7e783a84,.pdf
TDM/1993_CIR_SAC_0170.pdf,8150361,c7a80d1399f731db48a7caee825f6a8ee3fd14f6,.pdf
TDM/1994_CIR_SAC_0168.pdf,67085161,5bed1692b6ed551124262ed5f68ebeee84ebec01,.pdf
TDM/1994_CIR_SAC_0169.pdf,16224221,7d3fc68c55118a86609a05f73c68c4a8a2448929,.pdf
TDM/1994_CIR_SAC_0171.pdf,18095286,3bec4d4038f6b9cf0f325f8e8500e6f02e8b0783,.pdf
TDM/1994_CIR_SAC_0172.pdf,28210047,931a08ce3c8df911e77bace513edca080873400a,.pdf
TDM/1995_CIR_SAC_0070.pdf,4195136,3df214a7af527e6bf06dda46ebe38dc5481d9938,.pdf
TDM/1995_CIR_SAC_0173.pdf,77276632,7fc13d758eceb8a01113f620b05ffe28240684c6,.pdf
TDM/1995_CIR_SAC_0175.pdf,20818746,3e78e871a5595a22abec11804bce7d32f6c9e6f3,.pdf
TDM/1995_CIR_SAC_0176.pdf,2041599,0f4bf67f0769daa844573bd1ecdd9c4250b60641,.pdf
TDM/1995_CIR_SAC_0177.pdf,3762577,4f9a2c249c5011b777e9e74f0f9911bf6147a761,.pdf
TDM/1995_CIR_SAC_0180.pdf,30923320,51700fdb26798cefcce9dd430bc663680180481f,.pdf
TDM/1995_CIR_SAC_0182.pdf,4126079,a872596725f8460bdde56ecfa245f8c33019750d,.pdf
TDM/1995_CIR_SAC_0183.pdf,16426118,94994ced61dbee6ad7f11e69aefac154e4bf7237,.pdf
TDM/1995_CIR_SAC_0184.pdf,9607530,17f5d5e966ec8fff6fd535d03904ae27088b6814,.pdf
TDM/1996_CIR_SAC_0185.pdf,55028217,1af9eaa20201a77e7d17fd7e9bc24291895e77f2,.pdf
TDM/1996_CIR_SAC_0186.pdf,29395555,2eaf2b1a018c650881b74c89d52f9e53f5ef18bb,.pdf
TDM/1996_CIR_SAC_0187.pdf,7390537,ad84902662bf2f2045f03a99e010bc11a5e3181e,.pdf
TDM/1996_CIR_SAC_0188.pdf,20612094,6db109dc8083aed9fa28970d6c5b0d24f2be16b4,.pdf
TDM/1996_CIR_SAC_0189.pdf,10252929,fda60568b9fdabd456fd976ef0963a204438102d,.pdf
TDM/1996_CIR_SAC_0203.pdf,3146915,99a0b1fd6abc407aec9ec415559dba168a2cb986,.pdf
TDM/1996_CIR_SAC_0204.pdf,7698568,750579c5b4eaf6e5b40cb3d32123f5148645e10c,.pdf
TDM/1997_CIR_SAC_0207.pdf,6176513,e1acc7b9f57703c6f6dc00dffdf65d1e0cc74712,.pdf
TDM/1997_CIR_SAC_0209.pdf,1796119,0d9d795d6da91da50139e0442a18b456fd23de38,.pdf
TDM/1997_CIR_SAC_0211.pdf,15542709,935e10d5e07cb6b5b110f9bcf0c0fa1b48228618,.pdf
TDM/1998_CIR_SAC_0088.pdf,10581301,1db379c712cee4acb270676411ea49371af42aaf,.pdf
TDM/1998_CIR_SAC_0192.pdf,11696864,bc3cb1585dffeb7ebc7eb84e5ae23b3efccf9206,.pdf
TDM/1998_CIR_SAC_0195.pdf,2644773,b47498a3dc08df56e547460153c37c27a1b85812,.pdf
TDM/1998_CIR_SAC_0196.pdf,23681592,d371e4e63c042df0a5338faefaa3bcae6e9fa716,.pdf
TDM/1998_CIR_SAC_0197.pdf,11190991,740777585b70a516b415cdaef9f57d3b8cb3f1c0,.pdf
TDM/1998_CIR_SAC_0214.pdf,4365414,f5b5c26f1ea87e8d2548b0d17de07b5b52e67dc9,.pdf
TDM/1998_CIR_SAC_0215.pdf,22070864,61c0bcd8db64188f2d342803951ac6bd22000101,.pdf
TDM/1998_CIR_SAC_0290.pdf,127453318,e5878e4cf3f0941daf25b4ae500bab54402eaa97,.pdf
archive.txt,71555,beb512ce3b25fdcf18ab89ed0dbceb9c10ca7f75,.txt
attente/à dédoublonner avec ce qui est déjà traité/1972-7-Rapport Croissance et environnement – Quelques aspects économiques de la protection de l’environnement- Groupe de recherche sur les stratégies de développement .pdf,1958647,0f3f2c69455f2ddd28e6823655716d3f68da4e19,.pdf
attente/à dédoublonner avec ce qui est déjà traité/1973-9-reaction-a-the_limit_ to_growth.pdf,295834,ff4cc015eb36b87c5f8df79fe7b849560a933309,.pdf
attente/à dédoublonner avec ce qui est déjà traité/1975 15-Hourcade encironnement-obstacle-argument-Options_mediterraneennes_n31.pdf,3291267,ef9898a2bc3fb346a24589aea61dd33ff2024088,.pdf
attente/à dédoublonner avec ce qui est déjà traité/1975-16-Godard_occupation-espaces-littoraux-Options_Mediterrannennes_n3.pdf,3395438,01666e711f473419de223ce06f9cb8cf9438a07b,.pdf
attente/à dédoublonner avec ce qui est déjà traité/1975-19-options-mediterrannennes-artuso-and-co-CI010638.pdf,1411482,4af033bd791b60f86cc6fe1c0ba9fd2d8793d824,.pdf
attente/à dédoublonner avec ce qui est déjà traité/1975-19-options-mediterrannennes-chabrol-CI010639.pdf,1874113,82f97adcfd465989f983e8e8c414cc19bef144c1,.pdf
attente/à dédoublonner avec ce qui est déjà traité/1979-28-Hourcade-IFDA-Dossier-5.pdf,2175980,41edcba553c496416903c522a6c9e1de9111817e,.pdf
attente/à dédoublonner avec ce qui est déjà traité/1979-31-Schiray_Sigal_Styles _de_vie_IFDA_Dossier_14_1979.pdf,2396359,70563ddaf44210d54875c7c220ee534452a0c204,.pdf
attente/à dédoublonner avec ce qui est déjà traité/1979-32-Sachs_Maldevelopment_Development_and_Change.pdf,552690,7a68845a2d2c6854ce6c90378ad99da6498baf57,.pdf
attente/à dédoublonner avec ce qui est déjà traité/1981-42-Nicolon_Oppositions_projets_d_equipement_article_rfsp_num_31_2.pdf,1733938,d1d75948744815a182803520179b5611f7fff310,.pdf
attente/à dédoublonner avec ce qui est déjà traité/1981-43-_Thery_Mimetisme_technologique_Revue_Tiers_Monde_1981_88iers_0040-7356_1981_num_22_88_4073-2.pdf,827444,976fa297b183727d874d528770d915658bd08d93,.pdf
attente/à dédoublonner avec ce qui est déjà traité/1981-SCAN-INCOMPLET-Ceron_Baillon_AMENAGEMENT_ET_NATURE_n63_ARCHITECTURE_ET_.pdf,2814285,91be0aa25870541046814c3947f9cc044c3a5174,.pdf
attente/à dédoublonner avec ce qui est déjà traité/1982-52-Godard_La_decentralisation_et_la_planification_du_developpement_endogene_IFDA_doss_32.pdf,2133485,c4f7337cf6a22c403fdf0b1c707e76150fda34ef,.pdf
attente/à dédoublonner avec ce qui est déjà traité/1982-55-Puiseux-bifurcations-politique-energetique.pdf,1251213,9b3ee02a586b10d6fd383b0dc8d53dbda22e12f7,.pdf
attente/à dédoublonner avec ce qui est déjà traité/1984 63-Schiray_Gaudin_economie-cachee.pdf,3285442,1ba71f94dff8ad27353c427a52aa0f7a2b7c8ac3,.pdf
attente/à dédoublonner avec ce qui est déjà traité/1984-64-Thery_biais-mimetique-choix-techniques-Tanzanie-_Tiers_Monde0040-7356_1984_num_25_100_4370.pdf,1137107,be10e2ea768ebb6f787fc1839ca1fd273e95cb13,.pdf
attente/à dédoublonner avec ce qui est déjà traité/1985-68-Hourcade_economies d'echelle-corr-Isabelle.pdf,141228,4f0aef13e6460f00df28bb2d37f48d17dcaffad7,.pdf
attente/à dédoublonner avec ce qui est déjà traité/1987_Ceron_espagnol_Agriculture_zones marginales_Agricultura_y_Sociedad_45_pp47_99.pdf,3476941,1e2f9cbc7d99579e2160cfd68a3309f0944b4eef,.pdf
attente/à dédoublonner avec ce qui est déjà traité/1988-77-Capecchi_Pesce_Schiray_RevueTIS_vol1_n2-1.pdf,2278273,804823e5863f94b6baff35da9013d295c5193a6d,.pdf
attente/à dédoublonner avec ce qui est déjà traité/1989-78-Godard_Jeux_de_nature_chez_Jollivet_et_Mathieu_Harmattan.pdf,229022,6585fc3864c905a2f3431d41a58c843a50dbc150,.pdf
attente/à dédoublonner avec ce qui est déjà traité/1989-79-IMPRIME-DES-PAGES-BLANCHES-_Schiray-economie_de_la_drogue_Sciences_sociales_et_sante7_1989_num_7_3_1134.pdf,1726611,76d6f7448f04ce4ec48d0c81fc176eda66d8f9f7,.pdf
attente/à dédoublonner avec ce qui est déjà traité/1989-80-hourcade-megie-theys-bouleversement-climats-gerer-incertitudeLzPTx7yJ.pdf-1.part.pdf,2292822,545c3d5336aecaac54a8699e1601ba3cc3b19f13,.pdf
attente/à dédoublonner avec ce qui est déjà traité/1989-81-Hourcade-Colombier-dev-reseaux-modulations-spatio-num_40_4_409159.pdf,2489371,995237384f1cbe83ad54c63d354414576e8718a5,.pdf
attente/à dédoublonner avec ce qui est déjà traité/1990-83-IMPRIME-DES-PAGES-BLANCHES-Godard-environnement-modes-coordination-legitmite.pdf,2443423,77f39af9cd7ac2080ebb697f28c48032d7ced54e,.pdf
attente/à dédoublonner avec ce qui est déjà traité/1991-86-Godard-Salles-jeux-irreversibilite.pdf,1811346,f994532c881009ca12fad90644b020e99365aa33,.pdf
attente/à dédoublonner avec ce qui est déjà traité/1991-87-Godard-Hourcade-Instruments-gestion-collective-risques-climatiques..pdf,278539,db41b082eb559bd541e1d12b3998060f87e3087f,.pdf
attente/à dédoublonner avec ce qui est déjà traité/1992-88-Godard-Variables-coordination-negociation-univers-controverse.pdf,205008,e209a204d19f60ebf442832439e676df22683fe1,.pdf
attente/à dédoublonner avec ce qui est déjà traité/1992-89-Godard-relation-interdisciplinaire.pdf,386184,97e4b6c4ae7fc9aa11b1ad42492fdcb4080ff988,.pdf
attente/à dédoublonner avec ce qui est déjà traité/1992-90-Godard-economie-ecologie-nature-des-choses.pdf,161589,b1b8578a979a2f0c2b1f40ee1ee28c69f8fa6c0e,.pdf
attente/à dédoublonner avec ce qui est déjà traité/1992-93-Hourcade_Salles_Thery_Ecological-economics_and_scientific_controversies_Ecolofical_Economics-_n3.pdf,1649538,1ac3326a51f2ad51a7fc81a415b881f413d9e27f,.pdf
attente/à dédoublonner avec ce qui est déjà traité/1993 97-Godard Strategies_industrielles_et conventions_d_environnement_INSEE-Methodes_Environnement_et_economie39_40.pdf,8627590,80165005c8987e997aa5bf0f538eae3d85e5ef34,.pdf
attente/à dédoublonner avec ce qui est déjà traité/1993-92 Hourcade Modelling long run scenarios Energy_Policy_21.3_pp309-326.pdf,251072,2b346cd1baefc09b267e15be210d2e1614369ac7,.pdf
attente/à dédoublonner avec ce qui est déjà traité/1993-95-Godard-risques-climatiques-raisons-scientifiques-economiques-politiquepdf,447302,069ddd3acce35423288af9ebf50abcbbc7de09ec,
attente/à dédoublonner avec ce qui est déjà traité/1993-96-Godard-Politiques-envt-transition-economie-marche-Europe-centrale-orientale.pdf,148113,13647931af280d2cc636bc963cf8204ea40d0d1e,.pdf
attente/à dédoublonner avec ce qui est déjà traité/1993-98-Godard-science-interet-denonciation-Lenoir.pdf,49440,6dbb3f1b0cb959179fc5225d68721681b184da7e,.pdf
attente/à dédoublonner avec ce qui est déjà traité/1994-Rogalski-Gobierno-global.pdf,224455,97c4c00e2700ded0340120415cde4cb2cd7ecb1f,.pdf
attente/à dédoublonner avec ce qui est déjà traité/1995-106-Grubb_Chapuis_Duong_EconomicsOfChangingCourse_Energy Policy.pdf,236447,1553452e14d0e5cec1e16547f6abbe5e8b35faa5,.pdf
attente/à dédoublonner avec ce qui est déjà traité/1995-109-Godard_Le_developpement_durable_et_le_devenir_des_villes__bonnes_intentions_Futuribles_n209_pp.29-35.pdf,75610,0d2a1ae12618fdf2068382ee61b64c87bbd80940,.pdf
attente/à dédoublonner avec ce qui est déjà traité/1995-170-Godard_Economies_en-transition_et_expériance_française_d_economie mixte_Revue_d_etudes_compa_est_ouest_vol26n2.pdf,1770559,f0a22246960653ce63404bd79f81649213fa8d0e,.pdf
attente/à dédoublonner avec ce qui est déjà traité/1997-110-HaDuong.Grubb-Hourcade-InfluenceInertiaUncertaintyAbatement-1.pdf,213589,59c7fb7ae68cdf4e5a65e588025daffb2be9ae57,.pdf
attente/à dédoublonner avec ce qui est déjà traité/1997-112-Godard_Les_enjeux_des_negociations_sur_le_climat_Futuribles_n224.pdf,263651,89714cc069ddf01c1c2aa7cc0ddebf208e6ba19e,.pdf
attente/à dédoublonner avec ce qui est déjà traité/1997-113-Godard-permis-negociable-convention-climat-exp-am-ricaine-harmonisation.pdf,182607,aea3671e75e010b3ccf8a9fb91ce2961d6cdc5e1,.pdf
attente/à dédoublonner avec ce qui est déjà traité/1997-114-environnement-hierarchie-enchevetree.pdf,221031,6d7985e80ebc59b7ccc84cbb820a329ebb70a576,.pdf
attente/à dédoublonner avec ce qui est déjà traité/1997-115-Godard-ambivalence-precaution.pdf,261561,270a5a9b8e473c2a79016010f80dafb57604c0bb,.pdf
attente/à dédoublonner avec ce qui est déjà traité/1997-Godard-111-Social-decision-making-under-scientific-controversy.pdf,6210,f5c344f14b79a7642ee01d0fcdd2161e26fdba91,.pdf
attente/à dédoublonner avec ce qui est déjà traité/1998-116-Godard_l_ecodeveloppement_revisite_Economies_et_societes_Cahiers_ISMEA_n36.pdf,128325,df03b35c214566260d2b69efc20586b30b26751d,.pdf
attente/à dédoublonner avec ce qui est déjà traité/1998-117-Godard_Sustainable_development_and_the_process_of_Jusifinng_choice.pdf,103805,9d858453438bd5bdada8fc30bbe4f346e2c6e47f,.pdf
attente/à dédoublonner avec ce qui est déjà traité/1998-118-Godard_les_scenarios_energetiques_de_la_France_2010_2020_CGP_Doc_Francaise.pdf,270894,f1af4b878f67460c7092336320404bee552bd10a,.pdf
attente/à dédoublonner avec ce qui est déjà traité/1999-119-nadaud-gouvello-Rapport_Final_Mayenne .pdf,746577,5caaf79fea968b23c9516c5cfa1d7c6880c9d573,.pdf
attente/à dédoublonner avec ce qui est déjà traité/2000-195-hourcade-fortin-impact-eco-pol-climatiques-controverses.pdf,435838,9de9074dc86afb242a072a3ee276964263166bad,.pdf
attente/à dédoublonner avec ce qui est déjà traité/2000-hourcade-le-climat-est-il-une-marchandise.pdf,126712,6a21366da1980b22d5195c36925186b7cd3c0158,.pdf
attente/à dédoublonner avec ce qui est déjà traité/2001-120-Schiray_Le_trafic_des_drogues_organisations_criminelles_et_politiques_publiques_de_controle_RISS_169.pdf,994943,6fa42142d506ffa571994285d88900264c89baca,.pdf
attente/à dédoublonner avec ce qui est déjà traité/2001-121-Minh_Transparency_and_control_engineering_integrated_assesment_models_CIRAD.pdf,80267,94034f4ec7917d20306845c28509db96970f2131,.pdf
attente/à dédoublonner avec ce qui est déjà traité/2001-197-mathy-hourcade-gouvello-CDM-leverage-for-development.pdf,1727125,3903f53b6545e7bfa406c17e6c5a6404fd685c09,.pdf
attente/à dédoublonner avec ce qui est déjà traité/2001-198-hourcade-climat-au-risque-negotiation-internationale.pdf,163656,5280fa10a702050deb07468a05dacc2342897cfd,.pdf
attente/à dédoublonner avec ce qui est déjà traité/2002-122-Boemare_Quirion_implementing-ghg-tradint-in-europel.pdf,200952,5f1a2191d9a72d8a67bf1d165730f18910ed8054,.pdf
attente/à dédoublonner avec ce qui est déjà traité/2002-123-Ghersi Hourcade The_economics of lost deal Kyoto-The_Hague-Marrakesh_Economic_Journal_n3.pdf,505126,2d217273820dbf4c663b6ae84b0abb716fc7d43a,.pdf
attente/à dédoublonner avec ce qui est déjà traité/2002-171-Hourcade_Labyrinthe_de_verre_Critique_Internationale_n15.pdf,297592,8c9b19466c70653d2b6fd0e374c91830c062aa94,.pdf
attente/à dédoublonner avec ce qui est déjà traité/2003 Quirion intensity_targets_REE_final.pdf,170888,521864856a379ddbde479eb27bf9a7cb83b62201,.pdf
attente/à dédoublonner avec ce qui est déjà traité/2003-125-Ambrosi Hourcade Hallegatte Optimal control models and elicitation of attitudes towards climate damages. Envonmental Modeling and Assesment 8 n3l.pdf,387282,b7ed4e91b2290340a051b1693985abb9ce1f2f86,.pdf
attente/à dédoublonner avec ce qui est déjà traité/2003-201-ghersi-hourcade-equity-responsability.pdf,1776272,64df07c54b65d4db5bc940dc6b2f61376be52799,.pdf
attente/à dédoublonner avec ce qui est déjà traité/2004 127-Caparros PERREAU Tazdaït North-south climate change negociation_Public_Choice vol121 n3-4.txt,70486,89f79145542d39dc642e176faaeb5f7527d0e739,.txt
attente/à dédoublonner avec ce qui est déjà traité/2004-202-lecocq-hourcade-taux-actualisation-contre-principe-precaution.pdf,622725,84dea250238f6062bede5a203ba3e1c735cc5a9a,.pdf
attente/à dédoublonner avec ce qui est déjà traité/2005-128-quirion_REE-does-uncertainty.pdf,251643,3d26b957c44184d2761243029d9347b2079b05df,.pdf
attente/à dédoublonner avec ce qui est déjà traité/2006-129-keith-haduong-climatic-strategy-CO2-capture.pdf,314017,dd198347f15d8cb4ed48893f21a36903cae8c59b,.pdf
attente/à dédoublonner avec ce qui est déjà traité/2006-130-demailly_quirion_CO2-abatement-compe-clim_pol.pdf,1485066,bf1f6eacf5dc7bba66f3920c44e0997a343206ed,.pdf
attente/à dédoublonner avec ce qui est déjà traité/2006-131-Ghersi Hourcade 2006 Macro Consistency Issues in E3 Modeling-3.doc,1376768,d9e76d4955f14ce49ddb6d6c18b56d42f60ce499,.doc
attente/à dédoublonner avec ce qui est déjà traité/2006-132-Hallegatte-jch-dumas-DynamicsMatterExtremeEvents.pdf,488022,a81dbb1ca9ea0ebd60d2e4bcf5bd749c8f2fcbf9,.pdf
attente/à dédoublonner avec ce qui est déjà traité/2006-133-Hourcade_Jaccard_Bataille_Ghersi-Hybrid_Modeling.pdf,176197,99e742655f8a617a097eb729e63276ab011e943a,.pdf
attente/à dédoublonner avec ce qui est déjà traité/2006-134-Crassous-et-al-endeogenous-structural-change-climate-targetsCIRED.pdf,718827,f95e120468f962ad1f01952a8fd41f8434a37fa7,.pdf
attente/à dédoublonner avec ce qui est déjà traité/2006-173-Finon-social-efficiency-instruments-promotion-rnr.pdf,235580,b3e1aa0da3e944b6b95bf6dbfda574de27ff89d4,.pdf
attente/à dédoublonner avec ce qui est déjà traité/2006-203-hourcade-bons-mauvais-usages-provocation-Etudes92.pdf,145605,7fab9bbbdb433343515647021cb98e23c674f7e1,.pdf
attente/à dédoublonner avec ce qui est déjà traité/2006-204-hourcade-Du_bon_usage_de_l_analyse_economique_pour_les_pol_climatique.pdf,1115824,51d0076d53c388c47d16ac22abff04f4a2124262,.pdf
attente/à dédoublonner avec ce qui est déjà traité/2007-136-Hallegate-Hourcade-Ambrosi-Using climate analogues for assessing climate change economic impacts in urban areas-Climatic change.pdf,321637,4ce9d3df2df5dd6c9a99cc4a8076aa3bb3433300,.pdf
attente/à dédoublonner avec ce qui est déjà traité/2007-138-Hourcade-Demailly-Neuhoff-Sato-Grubb-Matthes-Graichen-Differentiation and dynamics of EU ETS industrial competitiveness impacts- Climate Strategies Report.pdf,942738,37dcf5076fd5d8e1b5ac6c308abd0c365c8fe1d3,.pdf
attente/à dédoublonner avec ce qui est déjà traité/2007-172-Finon-Perez-The social efficiency of instruments of Promotion of Renewables in the Electricity Industry-A transaction cost perspective-Ecological Economics.pdf,428593,c8ebbc0bccaa1942189efb6a6d937a9f81424311,.pdf
"attente/à dédoublonner avec ce qui est déjà traité/2008-140-Hallegatte-An adaptive regional input-output model and   its application to the assessment of the economic cost of Katrina, Risk  Analysis.pdf",520890,24dc22c26bf390c633d1feca6d399cdc61a90209,.pdf
attente/à dédoublonner avec ce qui est déjà traité/2008-141-DEMAILLY-Quirion  European Emission Trading Scheme and competitiveness-A case study on the iron and steel industry-Energy Economics.pdf,404181,38bf3aeb045ceeabb90430461aad4090fdf949b1,.pdf
attente/à dédoublonner avec ce qui est déjà traité/2008-142-Hallegatte-Dumas-Can natural disasters have positive consequences- Investigating the role of embodied technical change-Ecological economics.pdf,313863,2ec630d3dec2863c77b4401a0d735bf3ce73aca8,.pdf
attente/à dédoublonner avec ce qui est déjà traité/2008-143- Hallegatte-Ghil-Dumas-Hourcade-Business Cycles-Bifurcations and Chaos in a Neo Classical Model with Investment  Dynamics-Journal of Economic Behavior and Organization.pdf,1015607,f8569edfe00cc77728faf746c036c5d6b7372677,.pdf
attente/à dédoublonner avec ce qui est déjà traité/2008-144-Finon-Locatelli-Russian and European gas interdependence-Could contractual trade channel geopolitics-Energy policy.pdf,245302,5dd1f40bd227707a11f5f88f5dd0156908411933,.pdf
attente/à dédoublonner avec ce qui est déjà traité/2008-145-Gusdorf-Hallegatte-Lahellec-Time and space matter-how urban transitions create inequality-Global Environment Change.pdf,296694,a99da18b752795a50eccf8be1bb46196d98511d9,.pdf
attente/à dédoublonner avec ce qui est déjà traité/2008-206-Hourcade-Enjeux geopolitiques du développement durable-Etudes.pdf,84307,56f9f7e30d6b577de4f8b5f33f04c124501dfd80,.pdf
attente/à dédoublonner avec ce qui est déjà traité/2008-207-Hourcade-Shukla-Mathy-Untying the Climate-Development Gordian Knot-Economic options in a politically constrained world-in-The design of climate policy.pdf,199106,0ee148623bd03fb17576f8646cce91b4c3e3830a,.pdf
attente/à dédoublonner avec ce qui est déjà traité/2009-146-Hourcade_Ghersi_Interpreting_Environmental_Policy_Cost_Measures-in-Modelling Sustainable Development.pdf,190387,755d5ec21d0b7c3eb0b93a176d3de95524b63e7e,.pdf
attente/à dédoublonner avec ce qui est déjà traité/2009-147-Hallegate-Strategies to adapt to an uncertain climate change-Global Environmental Change.pdf,530820,67f954bdcd9d3a41c46f78dcbba5774b005a5006,.pdf
attente/à dédoublonner avec ce qui est déjà traité/2009-148-Nguyen-Ha-Duong- Economic potential of renewable energy in Vietnam s power sector-Energy Policy.pdf,244943,5f91212b8c77373417df901698b31b1122c2ea31,.pdf
attente/à dédoublonner avec ce qui est déjà traité/2009-208-Hourcade-Ambrosi-Dumas-Beyond the Stern Review-Lessons from a risky venture at the limits of the cost–benefit analysis-Ecological-Economics.pdf,387358,ea940c3c49733e2ded5a65b2bd8dd7628737567d,.pdf
attente/à dédoublonner avec ce qui est déjà traité/2009-209-Combet-Ghersi-Hourcade-Thubin-Etude-fiscalite-carbone-France-rapport-Cired.pdf,3270332,a8c14a7f88b4a627340db865ea473960190e94ca,.pdf
attente/à dédoublonner avec ce qui est déjà traité/2010-150-Monjon_Quirion-How to design a border adjustment for the European Union Emissions Trading System-Energy-policy.pdf,402832,479c6a4779fd1fdb568d2b9598c2e074fd718d15,.pdf
attente/à dédoublonner avec ce qui est déjà traité/2010-151-Sassi-Crassous-Hourcade-Gitz-Waisman-Guivarch-Imaclim-R-a modelling framework to simulate sustainable development pathways-International Journal of Global Environmental Issues.doc,181760,0279ca818d22e473ca28432a3117b5ef6de3da12,.doc
attente/à dédoublonner avec ce qui est déjà traité/2010-152-Rozenberg-Hallegatte-Vogt-Schilb-Sassi-Guivarch-Waisman-Hourcade-Climate policies as a hedge against the uncertainty on future oil supply-Climatic change.pdf,307424,27ddeb674124362adcebb1c937f5a18cfea0ad28,.pdf
attente/à dédoublonner avec ce qui est déjà traité/2010-153-Nadaï-Labussiere-Birds-turbines and the making of wind power landscape in South France -Landscape Research.pdf,4697808,6b94a67de2f78df2db3c3307e420b3bf9f4ce8de,.pdf
attente/à dédoublonner avec ce qui est déjà traité/2011-156-Rogalski-climat-negociations climat-carrefour.pdf,552411,b5412e55c0fcc953e1399e9f86c0773353feb4c0,.pdf
"attente/à dédoublonner avec ce qui est déjà traité/2011-175-Finon-Efficiency of policy instruments for CCS deployment, Climate policy.odt",41086,dcf61af26018e46e4d3611f39d8546fad6dd3db0,.odt
"attente/à dédoublonner avec ce qui est déjà traité/2011-210-Hourcade-Perrissin-Fabert,-Rozenberg-Venturing-into-uncharted-financial-waters-an-essay-on-climate-friendly-finance-International-Environmental-Agreements-Politics-Law-and-Economics.pdf",1323787,e7a4a5a3406572785de54528ef555bb3bbcca7b0,.pdf
attente/à dédoublonner avec ce qui est déjà traité/2011-213-Waisman-et-al-Imaclim-R-infrastructure-supplementary-material.docx,273300,d1f0928adbae86565f4781bab9eb776d9a7e1d16,.docx
attente/à dédoublonner avec ce qui est déjà traité/2011-213-Waisman-et-al-Imaclim-R-infrastructure.docx,910846,3e490cefec01e8da6d98c01c3cb33d1391fa30c1,.docx
attente/à dédoublonner avec ce qui est déjà traité/2012-157-Viguie_Hallegate__Trade-offs_and_system_energies_in_urban_policies_Nature_Climate_Change.pdf,735040,73fe1a12b6477336e035fe99abc0accbb69cc541,.pdf
attente/à dédoublonner avec ce qui est déjà traité/2012-158-Lecocq_Hourcade_Unspoken_ethical_issues_in_the_climate_affair_insights_from_a_theoreticalanalysis_of_negociation_mandates_Economic_Theory_49_2.pdf,342269,8547dc2f576ff957c6616cc4d1f2663f3fe54321,.pdf
attente/à dédoublonner avec ce qui est déjà traité/2012-159-Rogalski-Rio+20.pdf,126741,297efc0b6dc7dd63d3da525224aff0eda56fbf6d,.pdf
attente/à dédoublonner avec ce qui est déjà traité/2012-160-Un-scenario-bas-carbone-acceptable-pour-la-France-elaboration-participative-et-analyse-macroeconomique-Cired-RACF.pdf,665990,6546e45012fb138feb5b937b80f490562fca60da,.pdf
attente/à dédoublonner avec ce qui est déjà traité/2012-177-Finon-L-economieeduenucleaireerevisitee-Etudes.pdf,1208729,a63a07513e29523c9a9ed9429ce98d53a3d8ff53,.pdf
attente/à dédoublonner avec ce qui est déjà traité/2012-211-Hourcade-Pottier-Espagne-The-environment-and-directed-technical-change-comment-WP-Cired.pdf,580224,2cd4ad6a961e065606e73e83153d6343e95608e1,.pdf
"attente/à dédoublonner avec ce qui est déjà traité/2012-212-Waisman-Rozenberg-Sassi,-Hourcade-Peak-Oil-profiles-through-the-lens-of-a-general-equilibrium-assessment-Energy-Policy.pdf",441061,4f1ba6e4a1da9bb380634cd5afd742a26115760c,.pdf
attente/à dédoublonner avec ce qui est déjà traité/2013-162-Quirion-Effet-net-sur-emploirderlartransition-energetiqueeeneFrance-Une-analyse-input-output-du-scenario-negaWatt-WP-Cired.pdf,1608695,603d78f6a64b6b62386648933b0d23e91b2d2cfb,.pdf
attente/à dédoublonner avec ce qui est déjà traité/2013-214-Hourcade-Shukla-Triggering-low-carbon-transition-in-the-aftermath-of-the global-financial-crisis-Climate-policy.pdf,264143,0798b5ab230d79688689340d9fb850f3d26d0fec,.pdf
attente/à dédoublonner avec ce qui est déjà traité/PAS-DANS-LA-LISTE-1975 elements-nouvelle-approche-gestion-eau-Chabrol Criqui Options Mediterranennes n31 1975.pdf,1874113,82f97adcfd465989f983e8e8c414cc19bef144c1,.pdf
attente/à dédoublonner avec ce qui est déjà traité/PAS-DANS-LA-LISTE-1981 Mimetisme_Emmanuel_réponse-à_Thery_1981_88-1.pdf,525151,6360b6130a38d513f3fb1a47d55f3181be7fa80a,.pdf
attente/à dédoublonner avec ce qui est déjà traité/PAS-DANS-LA-LISTE-1983 Mimetisme_Thery_répond-a_Emmanuel_num_24_93_-4.pdf,789520,e2dcddb2c19df169e91241fb753240a3c3c867c0,.pdf
attente/à traiter/GODARD/1991/Devdurp-91.pdf,99446,9495e86cd7a340a77ea14481b3c884704eea3e6a,.pdf
attente/à traiter/GODARD/1991/Godard-Climat-PROJET-91.pdf,163224,a838dc7ab4cb2bab500ef6f3708eb8860fd99a19,.pdf
attente/à traiter/GODARD/1991/Godard-Hourcade-MARTINB-91.pdf,278539,db41b082eb559bd541e1d12b3998060f87e3087f,.pdf
attente/à traiter/GODARD/1991/Godard-OCDE-EST-91.pdf,254618,2e3f30d058dea29a4e5df65f0139008f4dc50b6f,.pdf
attente/à traiter/GODARD/1991/Godard-Salles-91.pdf,1811346,f994532c881009ca12fad90644b020e99365aa33,.pdf
attente/à traiter/GODARD/1991/INTGENB-91.pdf,127296,dc83f8b40223530b1821b7077b9fef52ba683457,.pdf
attente/à traiter/GODARD/1992/Ecotaxe-libération-Avril1992.pdf,1203099,729eddcd88b48bb04d8defb8bb3efbeafc10d236,.pdf
attente/à traiter/GODARD/1992/Godard-Climat-VariablesCoordination-92.pdf,205008,e209a204d19f60ebf442832439e676df22683fe1,.pdf
attente/à traiter/GODARD/1992/Godard-Economie-Passeursdefrontières-OpenBooks-1013.pdf,19346127,1d54a8efb7fb1d104ba79f4478bacb82424fc67e,.pdf
attente/à traiter/GODARD/1992/Godard-Environnement-Polysémie-Sciences de la nature- CNRS Éditions-92.pdf,6213779,56614dea9705c946c8539813a79d0d1638aced13,.pdf
attente/à traiter/GODARD/1992/Godard-Gestion-Sciences de la nature- CNRS Éditions-92.pdf,0,da39a3ee5e6b4b0d3255bfef95601890afd80709,.pdf
attente/à traiter/GODARD/1992/Godard-Modélisation-Sciences de la nature- CNRS Éditions-92.pdf,0,da39a3ee5e6b4b0d3255bfef95601890afd80709,.pdf
attente/à traiter/GODARD/1992/Godard-NATMARCH-ArchivesPhilosophieDroit-92.pdf,161589,b1b8578a979a2f0c2b1f40ee1ee28c69f8fa6c0e,.pdf
attente/à traiter/GODARD/1992/Godard-PMP-MarchésdeDroitsCarbon-0692.pdf,2469404,5c1d4a533b93bf433a10119e16e96ca0be2d83c6,.pdf
attente/à traiter/GODARD/1992/Godard-PMP-TaxCarbon-1292.pdf,2143529,bda2118d9f96a3ce4b583639d5fdbee9e54022f0,.pdf
attente/à traiter/GODARD/1992/Godard-RelInterdisc-JollivetSciences de la nature CNRS Éditions-1992.pdf,386184,97e4b6c4ae7fc9aa11b1ad42492fdcb4080ff988,.pdf
attente/à traiter/GODARD/1992/Godard-Systèmes-Sciences de la nature - CNRS Éditions-92.pdf,10061165,e96caaff47bdef480245c6d72945e4b26f826e46,.pdf
attente/à traiter/GODARD/1992/OG-SDMUSControversy-GlobalEnvironmentalChange-92.pdf,1242069,7286bdb8a7982928ae12d2f5900330e63961295c,.pdf
attente/à traiter/GODARD/1993/ANMINDDA1993.pdf,29640,01a4980b574a6af321ee36b9164d6fca6b4a81c3,.pdf
attente/à traiter/GODARD/1993/FUL1-93.pdf,97424,5c6e5175508f95e3290bbd3f92b191dd460b8a3a,.pdf
attente/à traiter/GODARD/1993/Godard-CRESAL2-93.pdf,447790,2e4815808d0a7a1ae48da4ba150ab42bdfdcceb7,.pdf
attente/à traiter/GODARD/1993/Godard-CRITYL2-NSS-93.pdf,49440,6dbb3f1b0cb959179fc5225d68721681b184da7e,.pdf
attente/à traiter/GODARD/1993/Godard-ENV-lettreRégulation-93 bis a comparer.pdf,37337,ff5879299aedcf5266bcded4425067fdb3dff0da,.pdf
attente/à traiter/GODARD/1993/Godard-ENV-lettreRégulation-93.pdf,2760,28af996b4f1ef380fe90b8c133ca3e44e7f81f38,.pdf
attente/à traiter/GODARD/1993/Godard-Est-L'Harmattan-93.pdf,148113,13647931af280d2cc636bc963cf8204ea40d0d1e,.pdf
attente/à traiter/GODARD/1993/Godard-Insee-Méthodes-93.pdf,92753,b42029a5b4de69b85de32085a0ad67ba386b164b,.pdf
attente/à traiter/GODARD/1993/Godard-OCDE-EST-93.pdf,197489,bca73c9f1d09b12f80857a2d91657b9b29f6ced9,.pdf
attente/à traiter/GODARD/1993/Godard-SurYvesLenoir-GlobalChance-2-93.pdf,170462,bed6d573452902aa2a30a0429e9ef9bce6dd6772,.pdf
attente/à traiter/GODARD/1993/Godard-Taxes-OCDE-1993.pdf,455150,5bd232cdd2e31d40408706646edc409900cc231f,.pdf
attente/à traiter/GODARD/1993/Godard-beaumais-RevEco-93.pdf,1160751,277b0eab015f13f54d9d3460a8c2d3e428914cb2,.pdf
attente/à traiter/GODARD/1993/NSSPERM3-0193.pdf,240385,09fd9ba437b582718a481cafda6c22a4ed5b26f7,.pdf
attente/à traiter/GODARD/1993/THESOG93.pdf,2155810,3d6af67b7a9769f470f66254e15b23f7e61045f5,.pdf
attente/à traiter/GODARD/1994/Godard-DEVDUR-NSS-94.pdf,120430,8917609e90e49524f77f2cab3c31e3e54d18ef3d,.pdf
attente/à traiter/GODARD/1994/Godard-OCDE-Inst-Est-94.pdf,224031,871096038b4ffe2328b026b01b907dfb4f17571e,.pdf
attente/à traiter/GODARD/1994/courcnrs94.pdf,18152,6ffd34d246606ef2cff3b46177102e0d4045e537,.pdf
attente/à traiter/GODARD/1995/ENVHEC95-RIS.pdf,260825,78731199c566c879ea4fadb0051fd46c8f188712,.pdf
attente/à traiter/GODARD/1995/Godard-RPIPPME3-95.pdf,170705,23e1922196750a76971e04e6fe39cc8865e9657e,.pdf
attente/à traiter/GODARD/1995/Godard-receo-Instruments éco-Env-Transition-0695.pdf,1770560,342b1322c6a7d353c75c1281ec13089854d0cb11,.pdf
attente/à traiter/GODARD/1996/Ecextoubl-96.pdf,51865,fcf60582b687fff243c03386e110aa1ead023792,.pdf
attente/à traiter/GODARD/1996/Ful96.pdf,61064,9fcba22f0bd48d69947a2b76140e9f599b6b19ca,.pdf
attente/à traiter/GODARD/1996/Godard-Cyndiniques-96.pdf,191614,c72c29c6f72afb1869eda6715910008d97974ebf,.pdf
attente/à traiter/GODARD/1996/Godard-DEVDUR-Villes-Futuribles-0596.pdf,44805,b70e19565db010d3b0e2b133ed12ccb1f67b60ef,.pdf
attente/à traiter/GODARD/1997/Buclet-Godard-PMP-DirctEUEmballages-061997.pdf,2063317,3537d0a5ef0340a1fa2e8feb9d8151214f82a734,.pdf
attente/à traiter/GODARD/1997/Cros-Godard-Perneg-dalloz- 97.pdf,40250,56744695828b523e80c2786c70c94db044a94212,.pdf
attente/à traiter/GODARD/1997/Godard-Amnat97.pdf,54995,5a61f47214be9cbeb293c06a7c428106eee2e7d1,.pdf
attente/à traiter/GODARD/1997/Godard-Cgpeffdeser3-0897.pdf,131580,ac7035180e4f5f07c8dc3f3510e7c09b1e2d36e3,.pdf
attente/à traiter/GODARD/1997/Godard-Defeuilley-IJEP-97.pdf,64638,2c7f899da6c3a5045f58471ff801d1e81a84af5b,.pdf
attente/à traiter/GODARD/1997/Godard-ENVHE94-LARRERE-97.pdf,221023,0251152405da0c10216ba3ddb22110ddc8032b1b,.pdf
attente/à traiter/GODARD/1997/Godard-Ocldd-97.pdf,82839,353e4cbf782bd8d76d43e6f1a93f0b95446f59c7,.pdf
attente/à traiter/GODARD/1997/Godard-PEN-Dessusglobchang-1997.pdf,105640,2a6d959399da08662f34b36fb50518e8fdddef33,.pdf
attente/à traiter/GODARD/1997/Godard-PRECCON-LivreNomos-97.pdf,225916,04c48aa9bbce045ee4bf02d438f6feab45c106dd,.pdf
attente/à traiter/GODARD/1997/Godard-ogkyotfutur-97.pdf,220062,059a306d6cc227ff44606be3c72532e177b0b8f1,.pdf
attente/à traiter/GODARD/1997/Godard-pouvloc-97.pdf,30011,11b4d835d5063114d210ce74a500e332a35df257,.pdf
attente/à traiter/GODARD/1997/Godard-precaution-SH3-97.pdf,127805,3ff8e74902ffcb4316e988169ac65106b4843d02,.pdf
attente/à traiter/GODARD/1997/Godard-revenperneg-97.pdf,182131,b2c5743444c84acf7fc1a203ad7eb0843aa6473f,.pdf
attente/à traiter/GODARD/1997/OG-Livreprec-97.pdf,262614,108cb349f0d254b809a9e597abaccb4695b0eb6f,.pdf
attente/à traiter/GODARD/1997/OG-SzentAIE-97.pdf,26356,cf30cd0c4759b372d1223948b8caf4d3852d54af,.pdf
attente/à traiter/GODARD/1998/Cros-Godard-Europeaneco-98.pdf,277020,f63cf56327a22e5bba4e004c9c868d47518f133f,.pdf
attente/à traiter/GODARD/1998/GODARD-FNL-Pruhonice-Est-TransitionEnv-98.pdf,139615,daa94723bce20574eff94b6e08c114f36ae22439,.pdf
attente/à traiter/GODARD/1998/Godard- PiègeEffetdeserre-la recherb-98.pdf,402077,a38a7e967122079998c200b103d774c578e773f2,.pdf
attente/à traiter/GODARD/1998/Godard-CGP-Energie2020-SYNTH6-98.pdf,201725,6fa47bc6ffb99a69d18b88371afcc89048d4ad09,.pdf
attente/à traiter/GODARD/1998/Godard-Climat-marchéquotas-Transversales-98.pdf,55395,71bc2c1647c8305f270f0f359f5add7e8828e60a,.pdf
attente/à traiter/GODARD/1998/Godard-CommerceQuotas-Polétrangère-3-98.pdf,2873712,03cd3090c03d71fee2f9a2a0a4913f5a6e065ea3,.pdf
attente/à traiter/GODARD/1998/Godard-Concertation-afse-98.pdf,224137,900d3d8b7e0d507f1de17b023087fa668a3eb3d7,.pdf
attente/à traiter/GODARD/1998/Godard-Defeuilley-DECH-LivreBarraqué-98.pdf,234162,0fdc420e9ca8c6caba4400a868c0f67d1f85197e,.pdf
attente/à traiter/GODARD/1998/Godard-Déchetsd'Emballage-Risque-98.pdf,155716,63189891fb88803e9ec46cd779c016197e2b086d,.pdf
attente/à traiter/GODARD/1998/Godard-EcodéveloppementRevisité-98.pdf,93406,699d2979e691000787fb1f3a0c8fd67201e65dc0,.pdf
attente/à traiter/GODARD/1998/Godard-EconomieduClimat-Meteorologie-98.pdf,132610,b73902789d5265286487c14f3db5f80f6bc66746,.pdf
attente/à traiter/GODARD/1998/Godard-Henry-RpCAE-perneg-98BIS.pdf,857855,caebc3cee301a1f801ff32048cba452dd575efa9,.pdf
attente/à traiter/GODARD/1998/Godard-PEN-compcolpirfin-98.pdf,171868,dd6519a61bdffadc31b168d4fe39d460fbde6d4c,.pdf
attente/à traiter/GODARD/1998/Godard-Prec-Cyndiniques-98.pdf,38528,678dfbc95320d6f399cbc5053dfae2223c3ec24a,.pdf
attente/à traiter/GODARD/1998/Godard-Prec-Esprit-RepLascoumesr-98.pdf,31635,722d247a75af74e5c99d9fbfbe399159495375cc,.pdf
attente/à traiter/GODARD/1998/Godard-Prec-Nss-98.pdf,45257,3fcdcacd99d53f061a354c0e974e4579519abf74,.pdf
attente/à traiter/GODARD/1998/Godard-RPCONJ-Env-PIREN-CNRS-98.pdf,147612,504df69cb3d9cd4581a679fb0d339c1096b79837,.pdf
attente/à traiter/GODARD/1998/Godard-SustainDevelop-Livre Kluwer-98.pdf,103805,9d858453438bd5bdada8fc30bbe4f346e2c6e47f,.pdf
attente/à traiter/GODARD/1998/Godard-Taxe-Jaune&Rouge-98.pdf,38880,717f07c1477c4102166cb6ef5325d2ee56f311f9,.pdf
attente/à traiter/GODARD/1998/Godard-cgpperneg-98.pdf,426173,abcba6a44357ee67f66e6d8e140e1ddd2352da47,.pdf
attente/à traiter/GODARD/1999/Godard-Equité-climat-GlobalChange12.-1999.pdf,279292,690408718c2a2faa8e4818874e55a953dbbad37e,.pdf
attente/à traiter/GODARD/1999/Godard-FiscalitéEnergétique-RevEnerg-99.pdf,480630,6273315805d5295d45d8577ce0293a61bac52bd9,.pdf
attente/à traiter/GODARD/1999/Godard-Mouvements-Modeleff-99.pdf,52029,4cade8b29324acc5ab7d5a22d908aec1470f0037,.pdf
attente/à traiter/GODARD/1999/Godard-NSSevalcont-99.pdf,26302,3a560d842f46357f3c992f7effe7f786e0f20af9,.pdf
attente/à traiter/GODARD/1999/Godard-Prec-Controverse-Futuribles-99.pdf,148762,a0b133cb352f98dba28cf84ee2f4f681e860310c,.pdf
attente/à traiter/GODARD/1999/Godard-Prec-LivreRisq&Soc-99.pdf,34092,77a455b721b69bedcc8da53ec2943da84357321f,.pdf
attente/à traiter/GODARD/1999/OG-PEN-SO2-EU-LivreSorrell-99.pdf,438140,5c2e6962aedc1961ab093c519ffaf029708cfd76,.pdf
attente/à traiter/GODARD/2000/Buclet-Godard CHAPTER 6.Dechets-EU-Final-2000.pdf,203366,8dfab7b1ef9205cefb0acc8acff3562996f987b3,.pdf
attente/à traiter/GODARD/2000/Cros-Godard-Perneg-Espritfrançais-Cahiers GERMES-2000.pdf,216185,38184502d27de8f04d6c2ce383f3f153deac0b04,.pdf
attente/à traiter/GODARD/2000/Godard-Dialogue-Dechets-Livre-SKOU-2000.pdf,121892,4551dd4528f0f8ebdcde021364181faba60d7c6d,.pdf
attente/à traiter/GODARD/2000/Godard-EthEnvb-Cahier513-LabX-2000.pdf,513575,674f9513af98c272e88d30e878725df4fbc08dbe,.pdf
attente/à traiter/GODARD/2000/Godard-FausseGuerreBoeuf-Esprit-2000.pdf,21633,607b4afcdf2d99af57645463e90620f4db050ace,.pdf
attente/à traiter/GODARD/2000/Godard-Pen-ExpérienceUS-EcoInternat-2000.pdf,165153,7766584fd926a5742a8a9c4985917838126e39ef,.pdf
attente/à traiter/GODARD/2000/Godard-Prec-CCNE-2000.pdf,26538,94c4df536c9fc2707ea8b18fc40fe5680e924e6a,.pdf
attente/à traiter/GODARD/2000/Godard-Prec-LivreMissa-2000.pdf,77046,199d6cbf888570371d3b8d4a0d4dfc8367557668,.pdf
attente/à traiter/GODARD/2000/Godard-Prec-PhiloPol-Long-2000.pdf,235782,83a3722aa27edb6bc24719610da648211e4d2594,.pdf
attente/à traiter/GODARD/2000/Godard-Prec-Questions-ColViney-2000.pdf,182864,08ca48282cd1abab60d1e95c44eca651f5166e28,.pdf
attente/à traiter/GODARD/2000/Godard-PrecCahiersFran-2000.pdf,172755,54034005f97d7816646fbadb7fa778ab350c3f8e,.pdf
attente/à traiter/GODARD/2000/Godard-PrecProjet-2000.pdf,159450,9366d45cd091e77e8920bab1e8acc04138b19757,.pdf
attente/à traiter/GODARD/2000/OECD-StrategicGuidelines-JT00109858.pdf,193436,4f399b7e6474027f39fd21593970619d499c59d9,.pdf
attente/à traiter/GODARD/2000/godard-PEN&Transports-ColloqueAN-Bricq-2000.pdf,42036,d0dd99ff590aff79b8d7f81fc765d3662840c83e,.pdf
attente/à traiter/GODARD/2001/2001-009-Prec-Vachefolle.pdf,174819,b90229f97960c5d89eccff059ce2744e15cd1bf9,.pdf
attente/à traiter/GODARD/2001/2001-010-Prec-debats-crises.pdf,85718,73d3fc0609a1bc653c5fdc27e1c689dbc0ac7f22,.pdf
attente/à traiter/GODARD/2001/2001-015-Contestat-OGM.pdf,290705,f08de977152f8085670ff30ef3881e3f4c9806bc,.pdf
attente/à traiter/GODARD/2001/Godard-Buclet-Waste-JEPP--2001.pdf,243248,ba1d9e3f671df5dd7739bbf35a40c38efcc2cbda,.pdf
attente/à traiter/GODARD/2001/Godard-DD-DEBA_116_0064.pdf,130520,647fcab16e06294eb9b5a7335d38d49aabd993bd,.pdf
attente/à traiter/GODARD/2001/Godard-PrecMatching-0801norm.pdf,115545,736efe172c2d2d2b03a5903fc861e19928d099a2,.pdf
attente/à traiter/GODARD/2001/Godard-confogdevdurb-2001.pdf,202832,965c8719444173adda94b02f66db7141938ff472,.pdf
attente/à traiter/GODARD/2001/TrustnetLondonOG-AFSSAOral01.pdf,110338,f9c538d3ed5ae3c45815d55872f3374e8c1a201d,.pdf
attente/à traiter/GODARD/2001/climatencycl.pdf,22512,cfeac6e40d932d8d91ae31f018fdea4b1e11dfe4,.pdf
attente/à traiter/GODARD/2002/DDRev2Mondes-1002.pdf,86747,7bb167dfa96e0353b44a788616bd5b06a1719ae5,.pdf
attente/à traiter/GODARD/2002/Godard-Climat-Marché quotas-Bien public-RevueEcoFinancière-2002.pdf,139271,8da909e1850945e15ef9aec327a2770c242683ec,.pdf
attente/à traiter/GODARD/2002/Godard-Lomborg-PolEtrangère-02.pdf,888803,e1db6d6ab9c37c751d4d54abf7ee0a47214968fe,.pdf
attente/à traiter/GODARD/2002/Hommel-Godard-Contestabilité-OGM-EconomieRurale-2002.pdf,1601729,7f3f7baa29e2ad75b62770c55f12f9ceb14e25c8,.pdf
attente/à traiter/GODARD/2002/RIOMPPP-RevAuvergne-02.pdf,256021,a85d36d0c775542600d350f0090d13ab79f5f9ab,.pdf
attente/à traiter/GODARD/2003/2003-002-SurLomborg.pdf,232486,bab467f825bbc5445ff3aea6a50ed42b15f5ce76,.pdf
attente/à traiter/GODARD/2003/2003-004-DD-Rio-Johannesburg.pdf,295745,7a2deaefc69440db3dfcac87a63ae2495aa1112d,.pdf
attente/à traiter/GODARD/2003/2003-005-RevisitingPrec.pdf,298336,1ac974f55f1b093e4278948c9688f22b93785a47,.pdf
attente/à traiter/GODARD/2003/2003-006-Expert-Prec.pdf,377970,5e2019fbe750999c3070eb726c63f4778e62cc6f,.pdf
attente/à traiter/GODARD/2003/2003-007-prec-proportion.pdf,451381,e50a9cb066875620f85b49824c5fd80373370ea7,.pdf
attente/à traiter/GODARD/2003/2003-008-AllocInitPEN.pdf,386345,605271ad4374c5b47d0ce64ebfbf22edfd4595ed,.pdf
attente/à traiter/GODARD/2003/OG-DDLegit-ISS-.pdf,270656,21c79998b22b262703508a173eb2856fcc9e8dbc,.pdf
attente/à traiter/GODARD/2003/PEVSLimit0102BIS.pdf,91112,46ed28e8c78f66d4d8b1d3d0ebf8de27bd1594f9,.pdf
attente/à traiter/GODARD/2004/2004-002-equitéPost-K.pdf,206509,824ac7d943b9c6d5576938036009f1d2547e3d37,.pdf
attente/à traiter/GODARD/2004/2004-003-Savoirs.pdf,336912,04184888b76f244015436a4285cf736646ab86d5,.pdf
attente/à traiter/GODARD/2004/2004-004-casse-tete.pdf,300240,68baf90b865cd9d95aaf44bdce585fb1c77b9114,.pdf
attente/à traiter/GODARD/2004/2004-005-DD-entre-rech.pdf,229616,0663a86581a5419168f8c711106aaff6b5deef72,.pdf
attente/à traiter/GODARD/2004/2004-006-conflits.pdf,286960,abeee43cff8fef610dddf6bb3347af08e4925247,.pdf
attente/à traiter/GODARD/2004/2004-007-Pluralité.pdf,702104,c022370744788c19b9f0d1c44f6031ff900e77ac,.pdf
attente/à traiter/GODARD/2004/2004-008-Prec-Charte.pdf,155298,412df3fb4861473245be5252089577853fd6704b,.pdf
attente/à traiter/GODARD/2004/Godard-2004-013-pensééco.pdf,385418,0c09f184ce9b7381e43ad2762f34046adc1d11ee,.pdf
attente/à traiter/GODARD/2004/Godard-Adant-Contestabilité-IVE-2004.pdf,1195089,db33ae42965a1961ca806fcc60786dc7c63ae831,.pdf
attente/à traiter/GODARD/2004/Godard-Conflits-Env-CEP_047_0127.pdf,2810674,23f74c3a71748db4a73f7b5dd1365b99b0b61051,.pdf
attente/à traiter/GODARD/2004/Godard-Eval-PNAQ-2004-011.pdf,143674,dde278e48ca1b3e926c70a593988b14c1d6a52dd,.pdf
attente/à traiter/GODARD/2004/Godard-Laurans-2004-012-evaluating-coord.pdf,301945,85bdcf09c0a8b0b36c13fcc3705e510393186e07,.pdf
attente/à traiter/GODARD/2004/Godard-PluralitéOrdres-GeographEcoSoc_063_0303 -2004.pdf,474280,0fe11bd560d17a5779fe0a0c677d77ad46cf1b7d,.pdf
attente/à traiter/GODARD/2005/2005-017-Biodiv.pdf,133498,c1ff8847a00ad481ec68b72f3e5064236a666143,.pdf
attente/à traiter/GODARD/2005/2005-021-Multinat-DD.pdf,111407,99f07bac1981b0fd92ee74473374932b3e130ad5,.pdf
attente/à traiter/GODARD/2005/2005-022-faiblesseVol.pdf,82445,8f8259a70709c774eb792b2d0612c548ee2d3738,.pdf
attente/à traiter/GODARD/2005/2005-023-Equité-Post-K.pdf,189441,b2660ee258d532c2261db6110441c3bd4f0949ca,.pdf
attente/à traiter/GODARD/2005/Adan-Godard-Hommel-Contestabilité-2005.pdf,102759,c50a4db7c740fd91e12fdb6b75ab578f1891b435,.pdf
attente/à traiter/GODARD/2005/Godard-2005-011-HistRadioProt.pdf,115668,f8a2b4061271662dae3038d8a85263f914784302,.pdf
attente/à traiter/GODARD/2005/Godard-2005-013-PNAQ2.pdf,163449,3418ae943e1dfb9314377ea739800f8249f25ed8,.pdf
attente/à traiter/GODARD/2005/Godard-2005-014-Catas-Sanita.pdf,102745,15c562cd5fbddfafa9d5af1afce4aa81d1a6f465,.pdf
attente/à traiter/GODARD/2005/Godard-2005-015-DDChimère.pdf,80957,542298eab3a1afd5a28adbc6b8377c30bf49c9d0,.pdf
attente/à traiter/GODARD/2005/Godard-2005-016-DDrégional.pdf,116509,f719c4cb4d7447d29e3bb7ee20efa2ba89a97663,.pdf
attente/à traiter/GODARD/2005/Godard-2005-018-Prec-Proportion.pdf,142243,2c85481a90e967d9452168916aa56a257799f366,.pdf
attente/à traiter/GODARD/2005/Godard-2005-019-prec-Socialnorms.pdf,213953,5020348be7f49a0b48cb66a1b559aed3e193fac9,.pdf
attente/à traiter/GODARD/2005/Godard-DDChimère-MOUV_041_0014.pdf,498615,fa7e9b35a86f0e46abb6b43abf76f574b80c75b0,.pdf
attente/à traiter/GODARD/2005/Godard-rfeco_2005.pdf,5612819,d0335633b3ce3dd88351584720a9776d4708cc92,.pdf
attente/à traiter/GODARD/2005/Godard_O_GREC-2005-09.pdf,447392,b0445ba92fd4a7d0d0928f5262d13e5955140e87,.pdf
attente/à traiter/GODARD/2005/godard-Hommel-Multinationales-RIS_060_0101.pdf,112649,b2e31ef251e168e00fbaf57d73e4595851aa8eb8,.pdf
attente/à traiter/GODARD/2006/Aggeri-Godard-Entreprises-DD-EH_045_0006.pdf,309505,7c0b18560454e002c55d4c30f9bffb45da7b152b,.pdf
attente/à traiter/GODARD/2006/DDX-06-04-Sovereignty-GB.pdf,142504,b05dee100df6f865c27f17be844b78935dd25e6e,.pdf
attente/à traiter/GODARD/2006/DDX-06-09-radioprotec-GB.pdf,144483,cc0961991a0a21fd77dd522decaea45c87b9b971,.pdf
attente/à traiter/GODARD/2006/DDX-06-17-transportsDD.pdf,176260,e57b136a32405bbd9dab29b344a5cfd25c4ae5d5,.pdf
attente/à traiter/GODARD/2006/DDX-06-18-OGMPrec.pdf,148738,149b8ec3006ddb7785f82fafc593d314e82c7e11,.pdf
attente/à traiter/GODARD/2006/Godard-AUDITION-CES-0206.pdf,388778,35091138875618118c1a5b855b429e47b3ddd02d,.pdf
attente/à traiter/GODARD/2006/Godard-DDRégional-QUAE_MOLLA_2006_01_0083 bis à comparer.pdf,101563,75b1c0dc7fd66e46eb59e243b2e64681c27acaa8,.pdf
attente/à traiter/GODARD/2006/Godard-DDRégional-QUAE_MOLLA_2006_01_0083.pdf,27600,69711c879f6d27ac184b71341fc18a1c26b30ab0,.pdf
attente/à traiter/GODARD/2006/Godard-ECOenv-Phil-Leroux-FIN.pdf,293983,c86f59247569c9393613fa75cb69c743174bdb40,.pdf
attente/à traiter/GODARD/2006/Godard-EthiqueModélisation-ddx-06-06-0306BIS.pdf,268480,726f298622836de72b208367bd238c36397783cd,.pdf
attente/à traiter/GODARD/2006/OG-DD-Transports-40506.pdf,562908,6d820fb7472862ecf91faae89c3e8200c9639563,.pdf
attente/à traiter/GODARD/2006/OG-DDTransports-JCartier-Lyon-1206.pdf,158515,6f62ef1a66500487f81529c24e2d923d70613615,.pdf
attente/à traiter/GODARD/2006/Rencontre_Godard1.pdf,65806,8432877ff0bbf390797655e56beb720e0b2f0203,.pdf
attente/à traiter/GODARD/2006/Rencontre_Godard2.pdf,594137,be2b01b35615668ad568c72f911dc5adf01ff998,.pdf
attente/à traiter/GODARD/2006/ddx-06-04-0306- souveraineté.pdf,140190,fb10a32490c9f82bf66dc424a8fda739a6f7aaa4,.pdf
attente/à traiter/GODARD/2006/ddx-06-05-0306- catastrophisme.pdf,187637,b14f5ec1d03e703a5d05eb9cec6f9a8068ccbb68,.pdf
attente/à traiter/GODARD/2007/DDX-07-12-Stern-GenFut.pdf,649456,bb3ec1b53cefc2100d05fd1f13250f2320826ef5,.pdf
attente/à traiter/GODARD/2007/DDX-07-15-BTA.pdf,703776,5c56bb430dec220d985dff79dd1380e8cd28af5b,.pdf
attente/à traiter/GODARD/2007/Godard-DEC_DAHAN_2007_01_0203.pdf,150341,5848b9f32598769723ba3b08d8cb6ec47d13e1ec,.pdf
attente/à traiter/GODARD/2007/GodardEquitéClimat-ULB-1007-FIN.pdf,220479,17721a512a959ece08681c96fa87bff95172af0c,.pdf
attente/à traiter/GODARD/2007/Godatd-SurStern-REDP_174_0475.pdf,1377894,8b6a4e75f2a6cfdd42280db0afc08679aa09a4f4,.pdf
attente/à traiter/GODARD/2007/OG-Ch2-Lelivre-Participation-Trade-07.pdf,506317,751af64d5d6cb810b6421c6add02efa6973acf8e,.pdf
attente/à traiter/GODARD/2008/OG-Audition-AssembléNat-81008.pdf,278063,2b14f9434eacf57cd825784539e3892092d30e6e,.pdf
attente/à traiter/GODARD/2008/OG-Futuris-Chapitre 12-Comparaison-310708Accepté.pdf,423541,32c54b99496e7846ad52a0c6be9c4e175fadbefc,.pdf
attente/à traiter/GODARD/2008/OG-SolidairesCoted'Armor-0608.pdf,816529,5827f54ebb4e883806a45e25f4cabe0d6adcd313,.pdf
attente/à traiter/GODARD/2008/Stern-Actualisation-REV-1008FORM.pdf,156428,078afdcd5ddb8e9a11683e1048c9112fb0a0ddf7,.pdf
attente/à traiter/GODARD/2008/vr338 GodardFINnorm.pdf,456502,ead12c9121ad63e3627405b143efd355b14659b2,.pdf
attente/à traiter/GODARD/2009/Godard-Hotelling-RpQuinet-ValeurtutélaireCO2-mars2009.pdf,522058,871e6161cc2b70c12de594f03cf31c851408a157,.pdf
attente/à traiter/GODARD/2009/Godard-SCORE- mars 2009.pdf,381170,1c75a0b47163706d6a3310de4b81f7538bad0aba,.pdf
attente/à traiter/GODARD/2009/Hommel-Godard-RSE-SCPO_JACQU_2009_01_0167.pdf,561526,7f4018fc06ef32e215ca2c3a311c4c9cb3def2f9,.pdf
attente/à traiter/GODARD/2009/OG-Eco-climatCahierdroit-0309.pdf,177843,8315fcc06245458d17000a2b78cc8871e05393fd,.pdf
attente/à traiter/GODARD/2009/OG-Res-Colloque Fiscalité et Environnement-Lyon-101209.pdf,112562,7a719970e8af0cbd6a9a53dbe15366a33183fda4,.pdf
attente/à traiter/GODARD/2009/OG-opec_159-0609-BIS.pdf,291853,0b9aa1658b877ce98db907b3501f410c903af9fd,.pdf
attente/à traiter/GODARD/2010/Crifo - Godard_relu.pdf,124919,11850ef19956035ea2fc932a3f7d51f83280fd1e,.pdf
attente/à traiter/GODARD/2010/Godard RE 59 072010 final-REVOGFIN.pdf,154180,9ce95f59b07440afe4ff6228bdf4c5f5ca9d09e0,.pdf
attente/à traiter/GODARD/2010/Godard-Courrier-1110.pdf,76296,22ded1a1b09ee9a2963d904bc5282ac10d6d4766,.pdf
attente/à traiter/GODARD/2010/Godard-ImpostureClimatosceptique-ESPRI_1005_0026.pdf,177382,3b2c996e40a010f1279347c7af5c64caa9e87e0b,.pdf
attente/à traiter/GODARD/2010/Godard-SMFInfo-novembre2010.pdf,849498,222c4ba80d1960ee13b3c4baa77b566499551342,.pdf
attente/à traiter/GODARD/2010/Godard-adaptation-nss10306-1210.pdf,197546,7a16225fa1d54ea67bc0493bf6e0ba531121f7f8,.pdf
attente/à traiter/GODARD/2010/Godatd-Equité-Intergen-Telos-0410BIS.pdf,196411,cbf9f902b8e46e1efd0717ef8226e3f2dc11005c,.pdf
attente/à traiter/GODARD/2010/OG-DD-PS-300510.pdf,29346,1cb0a517e66fe4c16d3fd86def3ef46a7a9e9c79,.pdf
attente/à traiter/GODARD/2010/OG-Taxecarbone-20510.pdf,556056,b187eb4b420195a0360ee2bcc2e423004621e408,.pdf
attente/à traiter/GODARD/2010/OG-sceptiques-nss10219.pdf,64786,23d62de017d7dd96a044f2edacce0d45b0a4839d,.pdf
attente/à traiter/GODARD/2010/godard-CritiqueTirole-LECO_046_0082.pdf,265275,ffaa7aef1b4daf0e09a56df619aa2e1debb65b1a,.pdf
attente/à traiter/GODARD/2011/Cahier_changement_climatique-_climat_du_changement.pdf,525567,c98cff14f0ef36525eb8c973edc0008931b6b3e9,.pdf
attente/à traiter/GODARD/2011/Godard-BifurcationdeCopenhague-cahier de recherche 2011-24[1].pdf,314194,ec657114b6a273c2231f24ad396d0459fd0dd633,.pdf
attente/à traiter/GODARD/2011/Godard-CRII_052_0087-0811.pdf,307947,5b5fe4fdeb4f998eeb5459a7b21e8fa666dde7f2,.pdf
attente/à traiter/GODARD/2011/Godard-Climatosceptic-cahier_de_recherche_2011-20.pdf,421200,3eb73be13819a262f4a751307de592b57bbfad7d,.pdf
attente/à traiter/GODARD/2011/Godard-RSCAS_2011_56-EUI-Final.pdf,529912,f1f25064858db257208d9889762b4daccee133ee,.pdf
attente/à traiter/GODARD/2011/Godard-SurAcot-nss110031[1]-.pdf,81510,5cf0c0d291ee8a3d89627b816e36b15b33bf4217,.pdf
attente/à traiter/GODARD/2011/OG-Compte rendu-Dubuis-NSS-0411BIS.pdf,110192,90824d8902e0fcbc791265ba242a78cfdd20b636,.pdf
attente/à traiter/GODARD/2011/OG-CritiqueDetteécolo-Territoires523-1211.pdf,518576,31dacda303327a2074b7c139ccdb90372a73fb83,.pdf
attente/à traiter/GODARD/2011/cahier de recherche 2011-23[1].pdf,146401,3fa34d6db7f82abdf701fed9e6801dfb4a66cdaf,.pdf
attente/à traiter/GODARD/2012/GOdard-ECOPO_045_0047-2012.pdf,740141,123b8ffcd1d5b7cc15ab5ecbfe38ca6d6952228d,.pdf
attente/à traiter/GODARD/2012/Godard-Instrum&Justif-cahier de recherche 2012-18.pdf,233126,58d51682d11132e2c7e491fa0dded9209ae88df8,.pdf
attente/à traiter/GODARD/2012/Godard-Larecherche-février2012BIS.pdf,4317235,6f64fdfe747da5f482208d518d1ac8190130c4ab,.pdf
attente/à traiter/GODARD/2012/Godard-cahier de recherche-Prec-Chim- 2012-17.pdf,337332,8aebaa604c088e435c045306c50d75843973ff1d,.pdf
attente/à traiter/GODARD/2013/Godard JusticeClimatique-CF374-0513.pdf,258997,a32c9c5073fa493103aa8198b5bda3aa67510018,.pdf
attente/à traiter/GODARD/2013/Godard-Ch4-Inst-Climat-Justif-Justice-Sciences-Po-2013.pdf,213439,84b41aa324a4dcbe3080de6c293d18ee41c11826,.pdf
attente/à traiter/GODARD/2013/Godard-DD-in Livre Evaluation-2013.pdf,338458,1a201fff87c25d086e7daccdad06973e0f2e6bfe,.pdf
attente/à traiter/GODARD/BIB- O.Godard- 1972-2015.pdf,363582,26527b4181572c37415f7291942a0366c1602e34,.pdf
attente/à traiter/GODARD/BIB- O.Godard-CIRED-1972-1999.pdf,61465,b00ca06cd37ceb0a9b1e3f6a9e3c37a8de20a79f,.pdf
docs/1970_CIR_SAC_0317.txt,32276,7edbb4bf3a0c55406f0cfe00ac31653bc0b14e7a,.txt
docs/1972_CIR_SAC_0260.txt,19341,e2a674aef47a4de9fabefa17eae14a2a29f0d6bd,.txt
docs/1972_CIR_SAC_0350.txt,34764,d6d6cde614c94b2b71773b93561e026568f15989,.txt
docs/1973-008.pdf,12896420,9b59f08c400c971106f1214db30c68c612acdb6b,.pdf
docs/1973-009.pdf,295834,ff4cc015eb36b87c5f8df79fe7b849560a933309,.pdf
docs/1973_CIR_SAC_0011.txt,8109,ebd97c33d2adb16595b957e5e64c8689f11115bc,.txt
docs/1973_CIR_SAC_0014.txt,8609,0802d9c89592a0af810d9f42b79f29f575e689a8,.txt
docs/1973_CIR_SAC_0019.txt,24417,05396f9d2b0416fca016e2085e4232a0f73e5170,.txt
docs/1974-013.pdf,1568295,21c5df2f750b70ff029c48f7900acf5b346c3805,.pdf
docs/1974_CIR_SAC_0012.txt,50330,1563461a10c29d1eb37ff3790e1fa29da545d99e,.txt
docs/1974_CIR_SAC_0013.txt,17956,7097824c50b0954addc64c10318e03388c9ed4a1,.txt
docs/1974_CIR_SAC_0015.txt,56935,e75abd7d8396e7d0b1c37ef78ab8ce7c0fc48200,.txt
docs/1974_CIR_SAC_0046.txt,74968,91b06ccee23a5a466510b59fb639e95c7f0824fd,.txt
docs/1974_CIR_SAC_0134.txt,166795,be479e6ede74dde77fc56868e85044f5b281af89,.txt
docs/1974_CIR_SAC_0239.txt,230542,3d4da32fa596083b34c180d49a32810dcfbb6520,.txt
docs/1974_CIR_SAC_0357.txt,42374,8119da008fd3444c7a46fc1f4574d22373b48a01,.txt
docs/1974_CIR_SAC_0363.txt,21781,08c2529af4dcb89da3019fe74080fc7db0badaee,.txt
docs/1975-015.pdf,3286554,3f6b49c7648d23e9d201c14f2d9d1a848bb838af,.pdf
docs/1975-016.pdf,3427019,033bb78028fcac13d9caaaef7748b0c534302866,.pdf
docs/1975-019_1.pdf,1441275,fa205d89f7912e208012b7d1879cb034009717e1,.pdf
docs/1975-019_2.pdf,1909741,5e5061b74c58fbd02d8e57183abf9e32715ee210,.pdf
docs/1975-166.pdf,6881391,dd9c423ce194bf5621b06d44a44c55ba39262d29,.pdf
docs/1975_CIR_SAC_0096.txt,13836,d61c50edefd6a468c6f49b39999beb5981931319,.txt
docs/1975_CIR_SAC_0130.txt,266134,1fe1bf3f0f54fc09f58c9859a684e47f4db22ea2,.txt
docs/1975_CIR_SAC_0249.txt,28405,4163d6a5c07d5ea0d1da322490614c78a465a165,.txt
docs/1975_CIR_SAC_0304.txt,128266,a798c2be73fd7f5d47ce8dc03ade5fbbbe5e6dd4,.txt
docs/1975_CIR_SAC_0358.txt,124747,366a2a423024f9d46d6cb118c41d9cfb1e915a2e,.txt
docs/1975_CIR_SAC_0359.txt,67694,a935b32452dfb615a1f47a73c7808f285de17dd2,.txt
docs/1975_CIR_SAC_0360.txt,186188,9bfd451d6c5dd5afd52e55df60bad0f4121ed280,.txt
docs/1975_CIR_SAC_0361.txt,28714,3355c00ef24343d73cd29ca91b0cdcaece45ea0f,.txt
docs/1976_CIR_SAC_0250.txt,26820,ccc888fdb39ee5dee8ac1d5f0511dc09c2c6fdc8,.txt
docs/1976_CIR_SAC_0251.txt,139534,5363c01090f8935714e5f9c8d1ff33b9b0f02913,.txt
docs/1976_CIR_SAC_0310.txt,52897,caab9f293ea5e725dce49ee9c618f69f697988bc,.txt
docs/1976_CIR_SAC_0353.txt,30334,ff18342dcb68d9f182c1f2b5740958a14d8af018,.txt
docs/1977_CIR_SAC_0311.txt,50975,e477066dc58566db7e44ef2eff5bc6f65db42e60,.txt
docs/1977_CIR_SAC_0335.txt,7040,3f0b784cfce9050806740e07be56464dddc92fb7,.txt
docs/1977_CIR_SAC_0336.txt,18679,000101742b92edce5f6c4b6e018d38c576a2d139,.txt
docs/1977_CIR_SAC_0337.txt,5519,9636c1b89c4759e3f2e064d6e469ec6c017aa061,.txt
docs/1977_CIR_SAC_0338.txt,11423,0409b4dd887e229d3c6716c1b79761328beafb56,.txt
docs/1977_CIR_SAC_0339.txt,85819,1b4b5f469943161e4a0ccce44910421a20f97032,.txt
docs/1977_CIR_SAC_0342.txt,30031,7d4ebcff01dfb1155268cc527d2c893056a1a6fd,.txt
docs/1977_CIR_SAC_0343.txt,31048,805fa8963655e4b2ac72422cdf3879b9e2787920,.txt
docs/1977_CIR_SAC_0347.txt,39912,78c6fee28bb924acbd93f2ef6192ef1cdf79fbcf,.txt
docs/1977_CIR_SAC_0348.txt,15609,8d4348779e5f6fb11dd21243e35da65be070ed15,.txt
docs/1978_CIR_SAC_0254.txt,18505,d184afafa6583832e1629ace941f4f84e345d159,.txt
docs/1978_CIR_SAC_0300.txt,27351,80a90bf05f94b6aff3c834df1161ca51aba14f03,.txt
docs/1978_CIR_SAC_0324.txt,6902,929cc59f2a4113e969090599926799cf668fbf2f,.txt
docs/1978_CIR_SAC_0327.txt,64624,e9f22bf0fc8282c36128a27ae3c182c1d32bbb64,.txt
docs/1978_CIR_SAC_0331.txt,33922,fcf234bc5d40c83e2be1aafbdac48c1db03dcabc,.txt
docs/1978_CIR_SAC_0332.txt,88025,76611373a2264cd82f9bd02ffd5f560922a5760e,.txt
docs/1978_CIR_SAC_0333.txt,46741,b8bf55e725ec249a5dda075dd7922ae173329c4e,.txt
docs/1978_CIR_SAC_0334.txt,44119,3e436a64e164c600695a347e17dce079d242f3e7,.txt
docs/1978_CIR_SAC_0354.txt,38724,4115f907098d32162d3e094d82b6e308443c79a9,.txt
docs/1978_CIR_SAC_0372.txt,168807,0e38b7d69ba3743fba8c0a5ea14084ba54165f05,.txt
docs/1978_CIR_SAC_0373.txt,66280,fc2683401064af8c19ba13b745337ea7b8ef6529,.txt
docs/1979-028.pdf,9545971,85da0cd3d1d3b038e97d21021b7e8609c8d4d1f6,.pdf
docs/1979-032.pdf,552690,7a68845a2d2c6854ce6c90378ad99da6498baf57,.pdf
docs/1979_CIR_SAC_0258.txt,53480,31720bf04b461f9fbc65a3425db98a2dd4a7a9ab,.txt
docs/1979_CIR_SAC_0261.txt,29035,87d49bf42150df2cf1f1e31bd62cb4461ddd0c3d,.txt
docs/1980_CIR_SAC_0129.txt,205740,78ded2e6ef455ae1ff2fa7c2273ab3499e6253ba,.txt
docs/1980_CIR_SAC_0133.txt,83242,506db1b5ecd229b3acf6c12964091c0cb70ad88c,.txt
docs/1980_CIR_SAC_0230.txt,2034,9326846243170d9768c6535adef406c839ea8b5d,.txt
docs/1980_CIR_SAC_0231.txt,18647,f5900a9e6c503b1cf478e14ec1e44d635ee6fcca,.txt
docs/1980_CIR_SAC_0233.txt,62282,90a3b0f45089ae8f1ce5948e0b245a918dec6750,.txt
docs/1980_CIR_SAC_0234.txt,41918,c5b408abc583f413ff41c9d105c9e44157ebab92,.txt
docs/1980_CIR_SAC_0240.txt,21097,28f7422b02ca87b8a4a16842d6f67b3a9aa23cea,.txt
docs/1980_CIR_SAC_0299.txt,99552,7bd5af90fd6d7d17ff15583eb2d9e5b934b90b03,.txt
docs/1980_CIR_SAC_0326.txt,52,a8128a4c88ce7f4c6e553b7c92127fc3fc0edb26,.txt
docs/1980_CIR_SAC_0344.txt,11101,0c2c5fb322abee2527773dfa601a8a6d1a4b41ce,.txt
docs/1980_CIR_SAC_0356.txt,70176,c3e9805d9ae3735d879bd80e6e777260a956d1ad,.txt
docs/1980_CIR_SAC_0378.txt,67196,5b469a5dc39e8554dd301f1ef3a513d1112fb0c9,.txt
docs/1980_CIR_SAC_0380.txt,13125,e450be536da5c995becb6bb970ba87ba0fcdf801,.txt
docs/1980_CIR_SAC_0381.txt,31253,71e91d9f806a51710164d1d75226e84d0987a57a,.txt
docs/1981-043.pdf,827444,976fa297b183727d874d528770d915658bd08d93,.pdf
docs/1981-046.pdf,13314245,b52485ea4b39f9e98506bd88b2467c10176acb35,.pdf
docs/1981-218.pdf,608381,f4df9e5511b84b0fab009f559a94eea1c2a1959c,.pdf
docs/1981_CIR_SAC_0136.txt,46268,5a234ff95ce45967260ee268737a80d5ed219f06,.txt
docs/1981_CIR_SAC_0257.txt,37172,58d72711cffe3b187bb4be3d593058136b6ff819,.txt
docs/1981_CIR_SAC_0259.txt,20592,6944db9bc4deb6bce4c332d9ca05b119e57e6cab,.txt
docs/1981_CIR_SAC_0262.txt,50136,8af629842ac42b93fdc3d99e84b35ef578987038,.txt
docs/1981_CIR_SAC_0264.txt,52762,a854a5b05b11e380cc1750d6e714747fc0bbd343,.txt
docs/1981_CIR_SAC_0265.txt,8161,52f2af15129313cc89cd75e8d2d72687cc545f04,.txt
docs/1981_CIR_SAC_0266.txt,6258,cf1a968dc14f84bda3ea132a71f1dff0969fdf75,.txt
docs/1981_CIR_SAC_0268.txt,9190,792941147b302aa42de1638558f6c46f99d48263,.txt
docs/1981_CIR_SAC_0270.txt,20140,51d57ef3e8472ce96282ef4a2a5add78331dd8e2,.txt
docs/1981_CIR_SAC_0271.txt,38002,d698fba636629e0f20d5b6374a9cc812696a7aab,.txt
docs/1981_CIR_SAC_0385.txt,59515,19b24490726b6f0fe2c5dc84cccf1632dbe618c9,.txt
docs/1981_CIR_SAC_0387.txt,31882,065fc9648a66cdf17f136ae7b786d53a7010c886,.txt
docs/1982-055.pdf,1251213,9b3ee02a586b10d6fd383b0dc8d53dbda22e12f7,.pdf
docs/1982_CIR_SAC_0027.txt,7627,0e1716f3c21b3e31bc79ad6df37fe08704c8d215,.txt
docs/1982_CIR_SAC_0269.txt,11635,2b6657bcb24f0f17c24598f11faf53ff71d03d99,.txt
docs/1982_CIR_SAC_0273.txt,60562,b29324f5ab25391318a80b2cadae0d663e5bb6d1,.txt
docs/1982_CIR_SAC_0274.txt,40052,2b158c1138c1f3f52953f6627d5be5738fa9a65d,.txt
docs/1982_CIR_SAC_0275.txt,87221,104d4584eefa08b49b497ee543cfb7ab1e662414,.txt
docs/1982_CIR_SAC_0277.txt,22816,86879158fdcf715a99f9efaf6bb78c14cf3914b8,.txt
docs/1982_CIR_SAC_0278.txt,26208,c800344992b4e99914275b1b4f63d078fd06461c,.txt
docs/1982_CIR_SAC_0291.txt,6746,eede372779158fb4325e44a9f84a67a3d18538a2,.txt
docs/1983_CIR_SAC_0083.txt,15743,ec9ec684024552cde05aec69f8a71e6960d7e089,.txt
docs/1983_CIR_SAC_0101.txt,7627,f9d2e27efd68489a712a7944ed9a2f5afd280b0b,.txt
docs/1983_CIR_SAC_0131.txt,295863,fb470ab00ac8676016d3e83f557a9ba197e65345,.txt
docs/1983_CIR_SAC_0194.txt,10245,95ff677dc45da05c09f88b00d11b391fe1e106e9,.txt
docs/1983_CIR_SAC_0228.txt,7339,44194e6ae7088abdd5d05206982bf81cdd3a93e3,.txt
docs/1983_CIR_SAC_0238.txt,6436,26a67188a14b51d90a06dc7c4b4df62ab715afe3,.txt
docs/1983_CIR_SAC_0241.txt,55840,f6cf9b1188b634415a390edcf663fb4479e33d2c,.txt
docs/1983_CIR_SAC_0242.txt,20422,bd530a0d403684c2ef1384115f3ec2803c7f8c32,.txt
docs/1983_CIR_SAC_0243.txt,53104,88de03ac4b4c3cafcb8e1cd1be8725404fb3d021,.txt
docs/1983_CIR_SAC_0244.txt,14235,18afaeb78b464c075a77fd5e2f5ef626c331c782,.txt
docs/1983_CIR_SAC_0245.txt,6636,e11d1e2736944d3b5f64235889550986915dc467,.txt
docs/1983_CIR_SAC_0246.txt,12876,1eb68028272b892f0872f351ec751cd5db6ce7e0,.txt
docs/1983_CIR_SAC_0248.txt,23251,e8bd8f4e20a873b1782f4755e4ca90bae5353d3c,.txt
docs/1983_CIR_SAC_0293.txt,28479,787332da4de4a4351a83e4c00bd0388e04e5998a,.txt
docs/1983_CIR_SAC_0295.txt,9265,9bba359fcead0dec0bff5121a8ccb1abbc503bd2,.txt
docs/1983_CIR_SAC_0296.txt,15644,4406a7d7c5d7934eb7318e15dd67310a93b56ae6,.txt
docs/1984-063.pdf,3285442,1ba71f94dff8ad27353c427a52aa0f7a2b7c8ac3,.pdf
docs/1984-064.pdf,1137107,be10e2ea768ebb6f787fc1839ca1fd273e95cb13,.pdf
docs/1984_CIR_SAC_0031.txt,27054,a4fc1f2a9d174242b4ed6e7ebdb920ee0ee6154a,.txt
docs/1984_CIR_SAC_0061.txt,96735,39fdda898cbc4c00551d556aa29efda0f495dbe3,.txt
docs/1984_CIR_SAC_0074.txt,24037,a9b5b660045a53fdba20ba0cabdde77c0feb7ab1,.txt
docs/1984_CIR_SAC_0075.txt,18209,d1010e99dc3fb38a0aa1b72848fe1d597e62ea89,.txt
docs/1984_CIR_SAC_0077.txt,57751,b02dfadc0ac0cd5a8ad3ff199f81d3bd70ccadc4,.txt
docs/1984_CIR_SAC_0078.txt,11604,17c721144d79ea566b020ca30784c87bb64b16af,.txt
docs/1984_CIR_SAC_0079.txt,77179,4c195b7ce9848f3362b6ed62f3ef549e6357aa42,.txt
docs/1984_CIR_SAC_0080.txt,25920,c59561332e2d5f119bab36d56e5603fc689a3c27,.txt
docs/1984_CIR_SAC_0081.txt,27468,652e808de324d044a05b9add1a9ea1053d4d5970,.txt
docs/1984_CIR_SAC_0086.txt,26509,fb31f3ccbd990f99596ad2851f4acc595e0a2aff,.txt
docs/1984_CIR_SAC_0087.txt,520618,a05e7d4ac38965427d9fee4ff86fbf5ea3ac7b2e,.txt
docs/1984_CIR_SAC_0122.txt,35948,25add8a35ae4d8886e956f306740b2b0ff58adc0,.txt
docs/1985-068.pdf,141228,4f0aef13e6460f00df28bb2d37f48d17dcaffad7,.pdf
docs/1985_CIR_SAC_0065.txt,25218,7b78b85dc3c1e0c72ac89c9311e1a0fd419cffa9,.txt
docs/1985_CIR_SAC_0066.txt,10309,9d4ce55bdcd84de0b00f18c2e2fcd2778274326c,.txt
docs/1985_CIR_SAC_0103.txt,36274,1b0579c6fb7e64f829c908b9bb7e0beeee3e6ef6,.txt
docs/1985_CIR_SAC_0107.txt,43294,9ef30a3af26d0a09a3a51afbe717ba75a8f2db5e,.txt
docs/1986_CIR_SAC_0069.txt,26189,3acf72e8a7ab6219bcfa898abacaa018f4921315,.txt
docs/1987_CIR_SAC_0049.txt,8139,cf42096fded0bdddab9c012b7ffdc27f26dd5446,.txt
docs/1987_CIR_SAC_0055.txt,18692,7cc59fe3e07b740ac4641bddc660e008e59c9063,.txt
docs/1987_CIR_SAC_0062.txt,31395,c0e41ef2a28a51c4625861fbd59821844262d1f2,.txt
docs/1988-077.pdf,2331084,2245f221709cab8c596aab24912f65cc041b266e,.pdf
docs/1988_CIR_SAC_0051.txt,37775,3d2ca325a6d947d2d72c36265203e2f29a5a9763,.txt
docs/1988_CIR_SAC_0052.txt,34703,e9e601ce91e58312d48e7b9e9d8767785f920b3b,.txt
docs/1988_CIR_SAC_0053.txt,69466,acb5c184757e7d3a9f60090f61f8cdda1526ee71,.txt
docs/1988_CIR_SAC_0054.txt,41341,aee10423f1e64f1e536eafcd2a78313db17eb918,.txt
docs/1988_CIR_SAC_0056.txt,12190,8ca11200d83d7cee9e9bdbbc135e182d36d878a2,.txt
docs/1988_CIR_SAC_0059.txt,118539,42ad4e758f6e217ad0571cfa54bdaab42962034b,.txt
docs/1988_CIR_SAC_0060.txt,5661,33898d283a0ea1ced2ce15d6689249c53a1f50b0,.txt
docs/1988_CIR_SAC_0063.txt,16026,44b07e9c593e2cde8aac2868a49f6994d05cd7b8,.txt
docs/1988_CIR_SAC_0071.txt,34480,f5390db2cc005c8c5142a890ad24f80bca2aa081,.txt
docs/1988_CIR_SAC_0092.txt,9460,4e5c43aeb2fe207f69c971e3a9cb5c3ed78c2467,.txt
docs/1988_CIR_SAC_0093.txt,8341,5117d0b1fa1650c2a219bf5f5b8505df8f593893,.txt
docs/1989-078.pdf,229022,6585fc3864c905a2f3431d41a58c843a50dbc150,.pdf
docs/1989-079.pdf,1726611,76d6f7448f04ce4ec48d0c81fc176eda66d8f9f7,.pdf
docs/1989-080.pdf,2292822,545c3d5336aecaac54a8699e1601ba3cc3b19f13,.pdf
docs/1989-081.pdf,2489371,995237384f1cbe83ad54c63d354414576e8718a5,.pdf
docs/1989-132.pdf,2485646,78bd6dc82fd252995b1baecdb886e962bdf75c1f,.pdf
docs/1989_CIR_SAC_0143.txt,61746,194ed69a6d60ec4f958faf6e607a12654e1745ce,.txt
docs/1989_CIR_SAC_0162.txt,28778,c6c4454f3bff83cfad1e0c088ab75193f17ddcc7,.txt
docs/1989_CIR_SAC_0164.txt,28077,1422ffb5df01d80eade6bee58ce7ec31bba2fca0,.txt
docs/1989_CIR_SAC_0166.txt,18555,ccd926acd1cc40dc4d3240c1d5e41c1457b659dd,.txt
docs/1990-083.pdf,2443423,77f39af9cd7ac2080ebb697f28c48032d7ced54e,.pdf
docs/1990_CIR_SAC_0138.txt,26997,f75934d1d2f8f7ac16dd1033d394c8e891718498,.txt
docs/1990_CIR_SAC_0144.txt,39722,76f7534d792b989ca80591e5132e3fb1a19de8de,.txt
docs/1990_CIR_SAC_0146.txt,49975,15c94d0b58d07a37ed26529450836e57060cb1bb,.txt
docs/1990_CIR_SAC_0147.txt,69475,678228d7023bd1f8f12f4f47dd00d48c5f70900e,.txt
docs/1990_CIR_SAC_0148.txt,44964,f27ee9a9f0c0e8915b95d90f2f3d763ee09a45a4,.txt
docs/1990_CIR_SAC_0149.txt,38002,fd4f824cc55ad1de6d6b0d381d4f1492c5a135f5,.txt
docs/1990_CIR_SAC_0198.txt,9096,d88e8eb8126649795fae64ef9a8a3ffef204cc3d,.txt
docs/1991-087.pdf,278539,db41b082eb559bd541e1d12b3998060f87e3087f,.pdf
docs/1991_CIR_SAC_0139.txt,59626,3425f797ae19fbeb9091a28abfb2578ef862fe22,.txt
docs/1991_CIR_SAC_0150.txt,17073,63cbc61b1548776d776912909f8a961e01a06142,.txt
docs/1991_CIR_SAC_0151.txt,4651,7be7e034eca44e6e054e7d39120779692009373d,.txt
docs/1991_CIR_SAC_0152.txt,6938,d8f1ade39b2fdd2278efcc669140ad6183dec0ab,.txt
docs/1992-088.pdf,205008,e209a204d19f60ebf442832439e676df22683fe1,.pdf
docs/1992-089.pdf,386184,97e4b6c4ae7fc9aa11b1ad42492fdcb4080ff988,.pdf
docs/1992-090.pdf,161589,b1b8578a979a2f0c2b1f40ee1ee28c69f8fa6c0e,.pdf
docs/1992-093.pdf,1649538,1ac3326a51f2ad51a7fc81a415b881f413d9e27f,.pdf
docs/1992_CIR_SAC_0045.txt,49953,931518cd45e344a36283c714d1b8a250ea0beda9,.txt
docs/1992_CIR_SAC_0084.txt,22676,8bbc9ddc3b13682303a18f5c3dd8b08f8289bd39,.txt
docs/1992_CIR_SAC_0140.txt,58951,406a90fdf6aeb5eaba6b4452b2a2aed9c1c32f6b,.txt
docs/1992_CIR_SAC_0141.txt,24724,1816b77339e92e5435aeabe46331b496dfd5b824,.txt
docs/1992_CIR_SAC_0153.txt,11921,9dd3cabc0e80d09ad9281e94f9b2c54ddfb974d7,.txt
docs/1992_CIR_SAC_0155.txt,94680,a2253586133da9ffd2602a19c3bda14c1f288f81,.txt
docs/1992_CIR_SAC_0160.txt,20136,1cde448ca1146eecd4e21d6081f61e19ca9021cb,.txt
docs/1992_CIR_SAC_0282.txt,14103,e9d141bc8d045dde1b76d903baa1d0ebafea368f,.txt
docs/1993-092.pdf,251072,2b346cd1baefc09b267e15be210d2e1614369ac7,.pdf
docs/1993-095.pdf,447790,2e4815808d0a7a1ae48da4ba150ab42bdfdcceb7,.pdf
docs/1993-096.pdf,148113,13647931af280d2cc636bc963cf8204ea40d0d1e,.pdf
docs/1993-098.pdf,49440,6dbb3f1b0cb959179fc5225d68721681b184da7e,.pdf
docs/1993-100.pdf,324453,3ef2e4dcb4abbef8849e50129ef37c59946ab6d2,.pdf
docs/1993_CIR_SAC_0043.txt,59830,2aaeb42c4f535329ac607d573d760092c02ca057,.txt
docs/1993_CIR_SAC_0108.txt,17994,885f77a19262d236075c04dc3b3918586036f03f,.txt
docs/1993_CIR_SAC_0156.txt,11508,675d62beb7c324aea231135930c134b477a4560f,.txt
docs/1993_CIR_SAC_0157.txt,35975,abefbd33716ecac148b09006078da0c862c6a72e,.txt
docs/1993_CIR_SAC_0158.txt,39154,3c768a990ee37d227b08d2f24d51588c6d1d1b76,.txt
docs/1993_CIR_SAC_0159.txt,17623,46b16af41d90062e3266016b3fb8889ca37cd1b9,.txt
docs/1993_CIR_SAC_0161.txt,18557,8d759b84b998dc1b3764cca7b04b06aeff036d0c,.txt
docs/1993_CIR_SAC_0170.txt,12972,7671ea7c5bde6be493213145e839d060fe2ff7bd,.txt
docs/1994-101.pdf,224455,97c4c00e2700ded0340120415cde4cb2cd7ecb1f,.pdf
docs/1994_CIR_SAC_0168.txt,127788,b60c38d4910b82ac9fbb891e3f9e2453d61b74f0,.txt
docs/1994_CIR_SAC_0169.txt,24331,f868cc5e556e897bea4f3a0566fb65814b246f83,.txt
docs/1994_CIR_SAC_0171.txt,30831,23db63a5956298d4876b76c460d33bf21ca6ae4a,.txt
docs/1994_CIR_SAC_0172.txt,68698,bfe6b31bd9bf9531aaafd66b11be289880492e50,.txt
docs/1995-106.pdf,236447,1553452e14d0e5cec1e16547f6abbe5e8b35faa5,.pdf
docs/1995-109.pdf,75610,0d2a1ae12618fdf2068382ee61b64c87bbd80940,.pdf
docs/1995-128.pdf,4437153,a143136bd9674e38b8bc014bce6775a38e1e4912,.pdf
docs/1995-170.pdf,1770559,f0a22246960653ce63404bd79f81649213fa8d0e,.pdf
docs/1995_CIR_SAC_0070.txt,4965,1b9b1854b586c9607983822068db4c90f8f72df9,.txt
docs/1995_CIR_SAC_0173.txt,144892,852112096aba37f870c9a2c9166f4ded2cb93111,.txt
docs/1995_CIR_SAC_0175.txt,29196,bffa4e477a00c3009aa83949e8f09661309b58ff,.txt
docs/1995_CIR_SAC_0176.txt,4566,f7405609d1de0466f51150805b9ae73d012392a7,.txt
docs/1995_CIR_SAC_0177.txt,8097,afce5a255078efcf585d06e8dd6f86eb552ba93a,.txt
docs/1995_CIR_SAC_0180.txt,51485,a976aa47580b98ebf811795aa1d3cf12b490d8d8,.txt
docs/1995_CIR_SAC_0182.txt,7765,42d4421a4917b219e887cc4241da525dbf296bd0,.txt
docs/1995_CIR_SAC_0183.txt,26560,22732b1e56adbf8fb482b2d40d312d2d2219a617,.txt
docs/1995_CIR_SAC_0184.txt,10232,43facb9502ff659a1514e3e805c5e9f3a0d3a255,.txt
docs/1996_CIR_SAC_0185.txt,73861,5b35abb06c6f5a8eeb1ecefd1948f36c60ce78f6,.txt
docs/1996_CIR_SAC_0186.txt,41839,03349165cb9bd0e10e0fb374fd687f224a990f0c,.txt
docs/1996_CIR_SAC_0187.txt,11841,2433f9cceac9cde70412343aa8b43f8fde1e89fb,.txt
docs/1996_CIR_SAC_0188.txt,43673,23e2b5dd196f3e407b360b3e2038a0bf7df4d036,.txt
docs/1996_CIR_SAC_0189.txt,24180,100655d75dc155128ce4b3559ed2780dffda9a06,.txt
docs/1996_CIR_SAC_0203.txt,11843,5600c301e0008657842f759b1ab8d06a73403166,.txt
docs/1996_CIR_SAC_0204.txt,14599,c8d3309fec695e314914f6e3ddd21162d6a6342a,.txt
docs/1997-110.pdf,213589,59c7fb7ae68cdf4e5a65e588025daffb2be9ae57,.pdf
docs/1997-111.pdf,225916,04c48aa9bbce045ee4bf02d438f6feab45c106dd,.pdf
docs/1997-112.pdf,263651,89714cc069ddf01c1c2aa7cc0ddebf208e6ba19e,.pdf
docs/1997-113.pdf,182607,aea3671e75e010b3ccf8a9fb91ce2961d6cdc5e1,.pdf
docs/1997-114.pdf,221031,6d7985e80ebc59b7ccc84cbb820a329ebb70a576,.pdf
docs/1997-115.pdf,261561,270a5a9b8e473c2a79016010f80dafb57604c0bb,.pdf
docs/1997_CIR_SAC_0207.txt,11755,0e1ea35e484ee3fa4f2af95673f644a6245179b0,.txt
docs/1997_CIR_SAC_0209.txt,2734,665c9239a7ea4344274e483418038e2bf8d1ab78,.txt
docs/1997_CIR_SAC_0211.txt,17070,c469dc6ccc5e5c5590120040fb4b4e9fee91a67a,.txt
docs/1998-116.pdf,128325,df03b35c214566260d2b69efc20586b30b26751d,.pdf
docs/1998-117.pdf,103805,9d858453438bd5bdada8fc30bbe4f346e2c6e47f,.pdf
docs/1998-118.pdf,270894,f1af4b878f67460c7092336320404bee552bd10a,.pdf
docs/1998-127.pdf,6211564,98645ab3c621cd8c30c4769c97c4705b7f622ca2,.pdf
docs/1998-129.pdf,11416694,e89d3cbbec46854ce9fdce631534118babb290e6,.pdf
docs/1998_CIR_SAC_0088.txt,11032,5886096fdbbd91acd4a5743b40a8cdbb59000602,.txt
docs/1998_CIR_SAC_0192.txt,26081,939ca91ca8c10f6fc3a54638230f6f7de03fced6,.txt
docs/1998_CIR_SAC_0195.txt,3241,cb257c0a0e34a82317afaa018aad2bbf85df94d4,.txt
docs/1998_CIR_SAC_0196.txt,29183,73df4b1e05ac6fd165c6420356c68a668c54b9ba,.txt
docs/1998_CIR_SAC_0197.txt,22912,6a230837b2c9fcf002e4056c83d6e3f8c1994c68,.txt
docs/1998_CIR_SAC_0214.txt,6329,15b9d8544ecd656519127a3013dfd0278d0cd579,.txt
docs/1998_CIR_SAC_0215.txt,26698,d8dbe3dde264711e48b7ecae26f33315bd922d1d,.txt
docs/1998_CIR_SAC_0290.txt,146578,350bf5337868b4345cd3e48e0448d9ad61f4ddb0,.txt
docs/1999-119.pdf,746577,5caaf79fea968b23c9516c5cfa1d7c6880c9d573,.pdf
docs/2000-194.pdf,126712,6a21366da1980b22d5195c36925186b7cd3c0158,.pdf
docs/2000-195.pdf,435838,9de9074dc86afb242a072a3ee276964263166bad,.pdf
docs/2001-120.pdf,994943,6fa42142d506ffa571994285d88900264c89baca,.pdf
docs/2001-121.pdf,80267,94034f4ec7917d20306845c28509db96970f2131,.pdf
docs/2001-198.pdf,163656,5280fa10a702050deb07468a05dacc2342897cfd,.pdf
docs/2002-122.pdf,200952,5f1a2191d9a72d8a67bf1d165730f18910ed8054,.pdf
docs/2002-123.pdf,505126,2d217273820dbf4c663b6ae84b0abb716fc7d43a,.pdf
docs/2002-171.pdf,297592,8c9b19466c70653d2b6fd0e374c91830c062aa94,.pdf
docs/2003-125.pdf,387282,b7ed4e91b2290340a051b1693985abb9ce1f2f86,.pdf
docs/2003-201.pdf,1776272,64df07c54b65d4db5bc940dc6b2f61376be52799,.pdf
docs/2004-127.pdf,173911,e6004ca75d84779b826731970abe13d81de66d09,.pdf
docs/2004-202.pdf,622725,84dea250238f6062bede5a203ba3e1c735cc5a9a,.pdf
docs/2005-128.pdf,251643,3d26b957c44184d2761243029d9347b2079b05df,.pdf
docs/2006-129.pdf,314017,dd198347f15d8cb4ed48893f21a36903cae8c59b,.pdf
docs/2006-130.pdf,1485066,bf1f6eacf5dc7bba66f3920c44e0997a343206ed,.pdf
docs/2006-131.doc,1376768,d9e76d4955f14ce49ddb6d6c18b56d42f60ce499,.doc
docs/2006-132.pdf,488022,a81dbb1ca9ea0ebd60d2e4bcf5bd749c8f2fcbf9,.pdf
docs/2006-133.pdf,176197,99e742655f8a617a097eb729e63276ab011e943a,.pdf
docs/2006-134.pdf,718827,f95e120468f962ad1f01952a8fd41f8434a37fa7,.pdf
docs/2006-173.pdf,235580,b3e1aa0da3e944b6b95bf6dbfda574de27ff89d4,.pdf
docs/2006-203.pdf,145605,7fab9bbbdb433343515647021cb98e23c674f7e1,.pdf
docs/2006-204.pdf,1115824,51d0076d53c388c47d16ac22abff04f4a2124262,.pdf
docs/2008-139.pdf,61133,a2c0162c75b22c67e054f7cce31f933db14d39c1,.pdf
docs/2008-140.pdf,520890,24dc22c26bf390c633d1feca6d399cdc61a90209,.pdf
docs/2008-141.pdf,404181,38bf3aeb045ceeabb90430461aad4090fdf949b1,.pdf
docs/2008-142.pdf,313863,2ec630d3dec2863c77b4401a0d735bf3ce73aca8,.pdf
docs/2008-144.pdf,245302,5dd1f40bd227707a11f5f88f5dd0156908411933,.pdf
docs/2008-145.pdf,296694,a99da18b752795a50eccf8be1bb46196d98511d9,.pdf
docs/2008-206.pdf,84307,56f9f7e30d6b577de4f8b5f33f04c124501dfd80,.pdf
docs/2009-146.pdf,190387,755d5ec21d0b7c3eb0b93a176d3de95524b63e7e,.pdf
docs/2009-147.pdf,530820,67f954bdcd9d3a41c46f78dcbba5774b005a5006,.pdf
docs/2009-148.pdf,244943,5f91212b8c77373417df901698b31b1122c2ea31,.pdf
docs/2009-208.pdf,387358,ea940c3c49733e2ded5a65b2bd8dd7628737567d,.pdf
docs/2009-209.pdf,3270332,a8c14a7f88b4a627340db865ea473960190e94ca,.pdf
docs/2010-153.pdf,4697808,6b94a67de2f78df2db3c3307e420b3bf9f4ce8de,.pdf
docs/2011-156.pdf,552411,b5412e55c0fcc953e1399e9f86c0773353feb4c0,.pdf
docs/2011-213-1.docx,910846,3e490cefec01e8da6d98c01c3cb33d1391fa30c1,.docx
docs/2011-213-2.docx,273300,d1f0928adbae86565f4781bab9eb776d9a7e1d16,.docx
docs/2012-157.pdf,735040,73fe1a12b6477336e035fe99abc0accbb69cc541,.pdf
docs/2012-158.pdf,342269,8547dc2f576ff957c6616cc4d1f2663f3fe54321,.pdf
docs/2012-159.pdf,126741,297efc0b6dc7dd63d3da525224aff0eda56fbf6d,.pdf
docs/2012-160.pdf,665990,6546e45012fb138feb5b937b80f490562fca60da,.pdf
docs/2012-165.pdf,307715,559e6087a176a00b39d6d784ecd3053b51a5a37c,.pdf
docs/2012-177.pdf,1208729,a63a07513e29523c9a9ed9429ce98d53a3d8ff53,.pdf
docs/2012-211.pdf,580224,2cd4ad6a961e065606e73e83153d6343e95608e1,.pdf
docs/2013-164.pdf,198504,30edda63a8eeb3d1ee55d6431bd2452737e5e541,.pdf
docs/2013-214.pdf,264143,0798b5ab230d79688689340d9fb850f3d26d0fec,.pdf
docs/CIR-HOU-TH.pdf,263931585,dad6ff7141e372d59968567705474212b582b850,.pdf
docs/CIR_GEN_0001.pdf,13986995,d91b2fc29064f7dd72d9f558031bf5bcc4ec06ce,.pdf
docs/CIR_GEN_0002.pdf,9802419,202d2acd53b2c96a7bb77ec8bf7c0461400245dd,.pdf
docs/CIR_GEN_0003.pdf,34645400,d9f7af4457b813d49bca32f7c657feced6dfa3df,.pdf
docs/CIR_GEN_0004.pdf,13697009,081393ed11d64b1a95033fee19ee31e98d47232a,.pdf
docs/CIR_GEN_0005.pdf,23482808,c370bbeade62b4c4117ef43a08331fb6cf7a50b5,.pdf
docs/CIR_GEN_0006.pdf,198504,30edda63a8eeb3d1ee55d6431bd2452737e5e541,.pdf
docs/CIR_GEN_0007.pdf,20160122,ce68bcf9642aeb122df9f1effea1c1a6867999c0,.pdf
docs/CIR_GEN_0008.pdf,1685343,4a6e5dd7384d0c3ea3a6aafd7ab2e9b355ee51b5,.pdf
docs/CIR_GEN_0009.pdf,56592161,43764ad4e0232bdf31cd0fabe5f742a11033f104,.pdf
docs/CIR_GEN_0010.pdf,307715,559e6087a176a00b39d6d784ecd3053b51a5a37c,.pdf
docs/CIR_GOD_0001.pdf,6211564,98645ab3c621cd8c30c4769c97c4705b7f622ca2,.pdf
docs/CIR_GOD_0002.pdf,4437153,a143136bd9674e38b8bc014bce6775a38e1e4912,.pdf
docs/CIR_GOD_0003.pdf,11416694,e89d3cbbec46854ce9fdce631534118babb290e6,.pdf
docs/CIR_GOD_0004.pdf,17441559,3ab0cacdb7a5b28369698f97b654b65ced9f2e2b,.pdf
docs/CIR_GOD_0005.pdf,2352802,2a2e42dd0614223986bf58cbc765a286a41ba57e,.pdf
docs/CIR_GOD_0006.pdf,51399493,a7561c1f354b244a6527581977811bd8a6a3cc4c,.pdf
docs/CIR_GOD_0007.pdf,16911787,e0c1bfd9aadc5be267cfe68ecbe64dd0feba42af,.pdf
docs/CIR_GOD_0008.pdf,8204882,716c21090c137aabe6076f15160349962a34937b,.pdf
docs/CIR_GOD_0009.pdf,6044480,a8372497c8bc1c9c7e6268eb6ad56189143b3388,.pdf
docs/CIR_GOD_0010.pdf,13066998,7638a9ff7996d3e47a9861892acb0ffc12dc6083,.pdf
docs/CIR_GOD_0011.pdf,23614155,76450ca51be8a35bc5736a5b91455593f9b58a29,.pdf
docs/CIR_GOD_0012.pdf,53804048,169d2da782fcc0725b3bbaaf6190aebb04870b00,.pdf
docs/CIR_GOD_0013.pdf,978013,5958e9ff940f1a6cef928d8e048602c78573461a,.pdf
docs/CIR_GOD_0014.pdf,6878124,cb6b83488c7b8b5cc8c347f387ae11a0236ee648,.pdf
docs/CIR_GOD_0015.pdf,1443443,6dadda52f6de3c5ee6bdc85f22cdbea188f0e521,.pdf
docs/CIR_GOD_0016.pdf,1911597,15f5cc83c162342d71dcbcff272c23944199a7e1,.pdf
docs/CIR_GOD_0017.pdf,182436,d816c4a4628d5c3e1401ce90bcfaff19c64381e8,.pdf
docs/CIR_GOD_0018.pdf,87480126,02da91c773bcc60597725b7b76ebc7bbe3a7322e,.pdf
docs/CIR_GOD_0019.pdf,736416,0c748a3bdce1710fc82cf4d4f9fff108b3950262,.pdf
docs/CIR_GOD_0020.pdf,109806,0c3eaec0b4fdda9d104cf6a813560c8701a55129,.pdf
docs/CIR_GOD_0021.pdf,77312970,431e290bcfc3d61d0149946385fb61e6ed7c8b30,.pdf
docs/CIR_GOD_0022.pdf,59192811,29d9816a30efb30fb430e1cb7a4a68aaad821e17,.pdf
docs/CIR_GOD_0023.pdf,83245248,834ee25881390ae19cd67e3f3a94235dbf18de26,.pdf
docs/CIR_GOD_0024.pdf,81390027,73f4ca4d802ae932e5874ba302b9c43facfa2e6b,.pdf
docs/CIR_GOD_0025.pdf,89967255,d349cd3a22960ccf9c95cd3fce1beb075ce496f6,.pdf
docs/CIR_GOD_0026.pdf,38123149,e4bd186524acd4b7cdeebe517ebc1c5ea454b870,.pdf
docs/CIR_GOD_0027.pdf,108862955,b1ac0ba36dc655630c24e6313571e67b8c38bdc6,.pdf
docs/CIR_GOD_0028.pdf,41173785,77609cf8229e76581e540af94e699a2f56614b0a,.pdf
docs/CIR_GOD_0029.pdf,243022,2a6629bd1d4cbba443ccc7cd51e7f4ceabedc065,.pdf
docs/CIR_GOD_0030.pdf,3450889,008fe46281629dd2dff8cf756c49215ca684e439,.pdf
docs/CIR_GOD_0031.pdf,87179,ab6bbbb600b025eff1e699ef0f30681aa6b9ab76,.pdf
docs/CIR_GOD_0032.pdf,202055,452b4febddad42c3770eb3b62d1e9baab0d4a7b6,.pdf
docs/CIR_GOD_0033.pdf,2155080,cc52908119451026adbeb0fc0a6702019781affa,.pdf
docs/CIR_GOD_0034.pdf,36347955,d79d9a88ff99446bc865951fc14986c83e1237ec,.pdf
docs/CIR_GOD_0035.pdf,121271583,a604f1db3718bb6f3de3b71b08abd8a549f2c881,.pdf
docs/CIR_GOD_0036.pdf,98861551,b7cc19a2197188389113c03f79f96725b681c22e,.pdf
docs/CIR_GOD_0037.pdf,20447058,d9991196e6ba6e7b6b90852f368a14fc4f94c1bd,.pdf
docs/CIR_GOD_0038.pdf,30179038,b881b4c5087a18fd3c8a5481c5e60617c39a7307,.pdf
docs/CIR_GOD_0039.pdf,47260659,16c78555e8151913d30787073d75c3287634d15b,.pdf
docs/CIR_GOD_0040.pdf,14263162,f78b08727a0652a5cd585bec88a4f20bb0da3f86,.pdf
docs/CIR_GOD_0041.pdf,47114023,1ff0c79975cf467933861c9a0a34eb3c661f6035,.pdf
docs/CIR_GOD_0042.pdf,45644573,67a6d6389a321f4d26be29ed058a3eb7d1644c63,.pdf
docs/CIR_GOD_0043.pdf,13444196,d9e09f2796b1a824a88d9399e8e8fd405d18e3d1,.pdf
docs/CIR_GOD_0044.pdf,20319084,6d536ae7487d5b1a6f75cdc2e53b34dbe4be4463,.pdf
docs/CIR_GOD_0045.pdf,68823490,76360a149fe52f7e3c6a9dce9dd953f50f6c8813,.pdf
docs/CIR_GOD_0046.pdf,33367880,e8c705a68f03ee25b73d195ee957d8d48ae60aeb,.pdf
docs/CIR_GOD_0047.pdf,33425742,4cdeb49363c7bf235d30b43469f761138f373d11,.pdf
docs/CIR_GOD_0048.pdf,24916852,2f40c4133ceedb7f1e9472c2a42e677b1df1f176,.pdf
docs/CIR_GOD_0049.pdf,42881130,229be86b01804b4a0303d55b0505656b742fa8cd,.pdf
docs/CIR_GOD_0050.pdf,74340313,3bf0f94f662eee3887a237231d5a5e40f6ff2348,.pdf
docs/CIR_GOD_0051.pdf,13516011,d043fa165d9fff4ce62499d4597b6ea312b86e52,.pdf
docs/CIR_GOD_0052.pdf,76587611,c55fde393c3b4d70ecd63a0eae9c11d08a242f31,.pdf
docs/CIR_GOD_0053.pdf,61669298,64260d5c69194548717ff9e2eae089bced4729cd,.pdf
docs/CIR_GOD_0054.pdf,41513905,890a99aa3184939c1192a33b0006cb300fe3b0fe,.pdf
docs/CIR_GOD_0055.pdf,29573011,9b7dda7c05906704874b8e04a30af154cb426144,.pdf
docs/CIR_HOU_0001.pdf,2485646,78bd6dc82fd252995b1baecdb886e962bdf75c1f,.pdf
docs/CIR_HOU_0002.pdf,9545976,c3aee7ed1f19bceda75fbd7280df691e68dbe2dd,.pdf
docs/CIR_HOU_0003.pdf,360955,1301becc9e725d097ca6e804ebbf2484054b746f,.pdf
docs/CIR_HOU_0004.pdf,718827,f95e120468f962ad1f01952a8fd41f8434a37fa7,.pdf
docs/CIR_HOU_0005.pdf,28732732,c318692dfe53a7d6c80bd1e7185c7a74848adb55,.pdf
docs/CIR_HOU_0006.pdf,525319,39cc75b9e1cac55f077b5e3ee21561f003764bbb,.pdf
docs/CIR_HOU_0007.pdf,1012447,769cba3cae270152f3b38899fd949ceb0207fe3d,.pdf
docs/CIR_HOU_0008.pdf,290426,ce8985577762174224ec9d8143bac63ce5cda564,.pdf
docs/CIR_HOU_0009.pdf,36546189,2371319a04a9bb375b17587df62de6fc54b41146,.pdf
docs/CIR_SAC_0001.pdf,24635000,20e342d1e7c4ec3b084fe9ed7ee403b62cf0c1a3,.pdf
docs/CIR_SAC_0002.pdf,15359997,06d1f896c17a1079cc954d5ef8dea2fc7b16a89d,.pdf
docs/CIR_SAC_0003.pdf,33947220,7d0eaa3125ec0272c9ca1a8ee647b0087b0fea73,.pdf
docs/CIR_SAC_0004.pdf,17799899,0e62dd80b11248d76127c356a0684545997ca799,.pdf
docs/CIR_SAC_0005.pdf,10871982,c7626bc383cc65f2d063106d85f8231aa06c1f8f,.pdf
docs/CIR_SAC_0006.pdf,38925006,f69f15cc9aed37cdacf28a14a364c18e2d29846b,.pdf
docs/CIR_SAC_0007.pdf,35439360,f3172b6d1839d5e9def0e507582142427bbeccac,.pdf
docs/CIR_SAC_0008.pdf,14926441,97e769d858034da196134a3d3525f623bb4743fe,.pdf
docs/CIR_SAC_0009.pdf,25720122,d8c0f5e130f9c8eb6b47b3908e2d7ea5ee041992,.pdf
docs/CIR_SAC_0010.pdf,58819204,3d0a0acb21acdb962c989da6250285fd45128fd0,.pdf
docs/CIR_SAC_0011.pdf,1762159,7bd71830b245897c8158c8546851572bdeda763b,.pdf
docs/CIR_SAC_0012.pdf,39641460,4388edae80e733c3523c2853d56cbcd823a90527,.pdf
docs/CIR_SAC_0013.pdf,9123808,0a1b7472d30cc2adcfa98f6984ef6bf5347e33f8,.pdf
docs/CIR_SAC_0014.pdf,4897884,526d9f1bf1aef288856f79ac331cd1b2197f7de0,.pdf
docs/CIR_SAC_0015.pdf,62733256,e67af0a8e378c641225b0f6d277d54fe29cc194a,.pdf
docs/CIR_SAC_0016.pdf,10690921,4188da26fb95d3a1209fa7190ed4faf8a148d26b,.pdf
docs/CIR_SAC_0017.pdf,7191054,b36f869077fcf13c890ded4f4ad1f2d92b3c67e5,.pdf
docs/CIR_SAC_0018.pdf,6611341,9451b6e30a95c07fedc4f7c3b13b7852c694cf68,.pdf
docs/CIR_SAC_0019.pdf,7544260,9b656b5db4f55551d0fc02e291cf778183e52d03,.pdf
docs/CIR_SAC_0020.pdf,27448666,230551c28db523be1473e9bf82aa8f75fae03041,.pdf
docs/CIR_SAC_0021.pdf,20703360,1e5a761dd487766149d872e1b2126320d72bf211,.pdf
docs/CIR_SAC_0022.pdf,6209716,0946f6cb70ba557c9eba1a1370b9b1b079664464,.pdf
docs/CIR_SAC_0023.pdf,31211538,1ff75a8c18ac323a46cc6886d98ad7c3123ce512,.pdf
docs/CIR_SAC_0024.pdf,28976833,fcb784cbfdcf0bbfd578cc6c85d082f208d0170a,.pdf
docs/CIR_SAC_0025.pdf,43038185,c75802c8997186c3104431bebd306c0bc6d2e64f,.pdf
docs/CIR_SAC_0026.pdf,14255978,c43dabb50778831826d747e57318411ecdcc056d,.pdf
docs/CIR_SAC_0027.pdf,3976925,269f395d507ce5fab59c6df9882312b842102acb,.pdf
docs/CIR_SAC_0028.pdf,23036444,b447536489f632d5f9c4aa877fec876028f89cc6,.pdf
docs/CIR_SAC_0029.pdf,17721965,beeeee398cbd5ba9b40dca3fafddd50a6b1b0831,.pdf
docs/CIR_SAC_0030.pdf,19655897,ed88947d9451bc9f8e83d7ab1a058738dda0bb93,.pdf
docs/CIR_SAC_0031.pdf,20306194,154a551c69bdcc65c1b71ec938358c4deda0a5ea,.pdf
docs/CIR_SAC_0032.pdf,21127772,d2548d496380bb35ba9ffdd3912be944dad2471e,.pdf
docs/CIR_SAC_0033.pdf,28179781,9e5938a8e11ae77a7ac7c78e7fdaad70715f3712,.pdf
docs/CIR_SAC_0034.pdf,27410635,3e35fc1e7e14641393f68bc8be445be5c67a2701,.pdf
docs/CIR_SAC_0035.pdf,24214602,bf89199967ea02ac3eed95923601fdbe4d3778ef,.pdf
docs/CIR_SAC_0036.pdf,40341121,43cbb7d7e0f9b54f8754b84b4351b80bef56c2b0,.pdf
docs/CIR_SAC_0037.pdf,31629806,d1f6c836df005bc890aa087eb3bdbdbe31ae8bc0,.pdf
docs/CIR_SAC_0038.pdf,6864320,2468479a56eac1242e7cf194ff130a732ae17ced,.pdf
docs/CIR_SAC_0039.pdf,46997377,cb670bfc10ced49741f48b12ee7bbbb1ffa31383,.pdf
docs/CIR_SAC_0040.pdf,30219705,8715b4a926b7144e997e634205ec2f39b08ac3b5,.pdf
docs/CIR_SAC_0041.pdf,127990279,2dee0b5277343a30132faa976ab68afc06e0b28e,.pdf
docs/CIR_SAC_0042.pdf,30879691,84453deb3ef56e54a71892f034c3b442d02da9af,.pdf
docs/CIR_SAC_0043.pdf,41526383,f8e3ff87aded9c1770a8f1ba400631c2cab2d160,.pdf
docs/CIR_SAC_0044.pdf,39751070,38e81acd6ba17c0a9ab4d00c1256cb80e6bba6a5,.pdf
docs/CIR_SAC_0045.pdf,38977953,4734e3bc2976b09d46a7b0a54444e64d5d4db67a,.pdf
docs/CIR_SAC_0046.pdf,49337482,a07a1e28cc78468e7d918a39f005ba38f1815211,.pdf
docs/CIR_SAC_0047.pdf,55772825,79aa08e08438c46be7600d70b4d3ca5924688b3d,.pdf
docs/CIR_SAC_0048.pdf,59052168,b3967f299a2bbbd5aeeec039e3df3d073c16fed9,.pdf
docs/CIR_SAC_0049.pdf,11451743,5143b6a2c6c3d6e205027abf586a7465757c92be,.pdf
docs/CIR_SAC_0050.pdf,23799312,8fce8d7ccb666a5f4090aeca9980ec6df44acf2f,.pdf
docs/CIR_SAC_0051.pdf,18533883,22ab7dda9bb77942c5283d7a4654452baaa5f632,.pdf
docs/CIR_SAC_0052.pdf,25230934,70f65131bc6073c2266e484f29339e42e99a1f08,.pdf
docs/CIR_SAC_0053.pdf,47302742,7f3d763b1391361634d8c6325280952d68189730,.pdf
docs/CIR_SAC_0054.pdf,29444116,d5c4f29d03eaa04259bad07ab3eb014fbd08521e,.pdf
docs/CIR_SAC_0055.pdf,14809573,73e8ba418c141a3014057f62c186b017660bb116,.pdf
docs/CIR_SAC_0056.pdf,6723025,4b636198ec5e35073ffc464c88e1143f447a647b,.pdf
docs/CIR_SAC_0057.pdf,95639852,7202950f1d2062f8f141a889ec2143e2ac9349f8,.pdf
docs/CIR_SAC_0058.pdf,7255344,8766161bbb65567b785a782dfd1766af47635762,.pdf
docs/CIR_SAC_0059.pdf,47760105,72e47ead37fac50f5c7b50472b03e941a41bcde8,.pdf
docs/CIR_SAC_0060.pdf,7067978,1e072bc13f886ae5c2b534cd592184f986f84f80,.pdf
docs/CIR_SAC_0061.pdf,50051403,b96705fb6fa352e8fface443ca729574ba15c23b,.pdf
docs/CIR_SAC_0062.pdf,34419327,82325b3c4b0a865f6f8145801c544db19ec9c01f,.pdf
docs/CIR_SAC_0063.pdf,21749643,4a4e6b39dae7b2543237d615e37ef914263135cb,.pdf
docs/CIR_SAC_0064.pdf,22423406,a1da459607f76a5f89f930c3f17b8d4b9ec2d010,.pdf
docs/CIR_SAC_0065.pdf,18829213,693dfe52e5ad1d7eb0ad0d1e048c1ea19ba74093,.pdf
docs/CIR_SAC_0066.pdf,6549270,e69e2f2ba84f813b10f392b5538b53b309d73c0a,.pdf
docs/CIR_SAC_0067.pdf,27840159,437e29a5761af52da40de70da38c40cb5ab21a0d,.pdf
docs/CIR_SAC_0068.pdf,48360310,295259e61bc410bb51dba814b8923d493766f59d,.pdf
docs/CIR_SAC_0069.pdf,10703036,2584fa0a649e0f6570e370fa05f0ff3de787472a,.pdf
docs/CIR_SAC_0070.pdf,4195136,3df214a7af527e6bf06dda46ebe38dc5481d9938,.pdf
docs/CIR_SAC_0071.pdf,46991830,30fc7b7d5614884071795182cd28e504f86711b6,.pdf
docs/CIR_SAC_0072.pdf,132260689,8f4d98c5722f22421e5ce58d790b2500501dbe59,.pdf
docs/CIR_SAC_0073.pdf,13036682,2956ddfe3a170dabb1b5bdb3effdb444fcd2fe68,.pdf
docs/CIR_SAC_0074.pdf,17078743,1ce9cf31ce3abdf4dd608d81cc498f9e8528ea69,.pdf
docs/CIR_SAC_0075.pdf,16209819,a6190ec96499a42928eebc033b069796e5076504,.pdf
docs/CIR_SAC_0076.pdf,10305636,0470071bdd56ddf4caa4e4bb8675078025a92d29,.pdf
docs/CIR_SAC_0077.pdf,37189418,eaebc4dd3f2a85feab2a1afe1b8d8975b05f537f,.pdf
docs/CIR_SAC_0078.pdf,7695456,ced61396472200ea73fe38b862fc29c2b1868ade,.pdf
docs/CIR_SAC_0079.pdf,73458715,8d0779495bb9bdb6a07de696cbd0924394a70ba6,.pdf
docs/CIR_SAC_0080.pdf,29064926,a0cabe40907d4a0e8b1c5bad9c337ab96d37c7b9,.pdf
docs/CIR_SAC_0081.pdf,16271692,203b8342b798ba4e0ca4f870c6e4da8bc396d6db,.pdf
docs/CIR_SAC_0082.pdf,8087821,8242148c95ae1166481be5491a9ae6be0df97e36,.pdf
docs/CIR_SAC_0083.pdf,8189186,4e69d06f1a4ef550748cfbcb7273e484710a4a06,.pdf
docs/CIR_SAC_0084.pdf,19356146,ed330f0581015e69bee9ed8383a704dbe08625ea,.pdf
docs/CIR_SAC_0085.pdf,27003510,90b03ba5c62822cc607df49aab2e2f47882febdc,.pdf
docs/CIR_SAC_0086.pdf,16883548,5136efe8a1b0038120ec2e7dd79c6d4c6330edc6,.pdf
docs/CIR_SAC_0087.pdf,298754332,8e3477cba6aa4b0a1a9ca4233587c69127a1bcb0,.pdf
docs/CIR_SAC_0088.pdf,10581301,1db379c712cee4acb270676411ea49371af42aaf,.pdf
docs/CIR_SAC_0089.pdf,69407411,7956e47f551199d6a4b1ec1310da03f73bcad5c0,.pdf
docs/CIR_SAC_0090.pdf,7204655,2c93716fb64785e426b79cdc30660f2589c4f838,.pdf
docs/CIR_SAC_0091.pdf,5385637,a8320a357c940a65bf9c65e092214a96ae6c27e9,.pdf
docs/CIR_SAC_0092.pdf,4784854,86304bf8d9f275e7fc95e785825f2bda8d566d71,.pdf
docs/CIR_SAC_0093.pdf,4031072,801143fb9ec5f838d26c4df68041b8cb7b11ce77,.pdf
docs/CIR_SAC_0094.pdf,74264981,07ccf78794fb110651c8bb65761004a8868a20d5,.pdf
docs/CIR_SAC_0095.pdf,55354717,def858f8200c3de06e109a05e5e21fcb3ad6d194,.pdf
docs/CIR_SAC_0096.pdf,5365463,672729e87171a43e8d9db2c0651dd55be0d9c54a,.pdf
docs/CIR_SAC_0097.pdf,11694012,dfa0837942c3df3080d64e4595357dcacee3627e,.pdf
docs/CIR_SAC_0098.pdf,83314886,9f5a13889ca92b9585aa23b79a233997f28850a9,.pdf
docs/CIR_SAC_0099.pdf,24790814,ed0a8ba92df6a9d26e15282c9984bca809df05a9,.pdf
docs/CIR_SAC_0100.pdf,27044038,903ee784284e9bbc5fdc03280889d29c70167b83,.pdf
docs/CIR_SAC_0101.pdf,3661209,e24ed55480fb07633df4e44ba33f74f0d6f5493f,.pdf
docs/CIR_SAC_0102.pdf,7212182,b6bb67151c8781394fec46f3cbcb59f68de22ab7,.pdf
docs/CIR_SAC_0103.pdf,5323902,fd2be522574ef1abbf996f7588f497c23231ba58,.pdf
docs/CIR_SAC_0104.pdf,5500795,9cacf70081f755304afe7387ad5760dbe357563b,.pdf
docs/CIR_SAC_0105.pdf,5541901,35518ce995e4e1ec5d671a79328e9a237f585aeb,.pdf
docs/CIR_SAC_0106.pdf,5679656,d338dccfa01de67e9b4741348a2a418a9c49401a,.pdf
docs/CIR_SAC_0107.pdf,5715733,34d82f8915b7334d6b4cf9675666475fe9ed2634,.pdf
docs/CIR_SAC_0108.pdf,7210352,432eedf8863179d941cbd43ce83cfe3a3aab9972,.pdf
docs/CIR_SAC_0109.pdf,26707581,177ce985e745f1c708a2627d7787abfbea91e80d,.pdf
docs/CIR_SAC_0110.pdf,25626093,9724b7723ae927fd2b4edbd001436705f70861fb,.pdf
docs/CIR_SAC_0111.pdf,14442916,8f9090e05b6b8789899079ac512db07a110666d7,.pdf
docs/CIR_SAC_0112.pdf,51357569,9dd5a16d77852c47a07a43ae8e63882125cc84e4,.pdf
docs/CIR_SAC_0113.pdf,37167197,08e9b262223d8453402d76fb8ee658ba4ce1ed82,.pdf
docs/CIR_SAC_0114.pdf,136786805,876656c5af697c5e1b779c9ea782a11fd299a717,.pdf
docs/CIR_SAC_0115.pdf,76805287,d736e94dfb7d09e0bd6504275c1491ba9a9e0b02,.pdf
docs/CIR_SAC_0116.pdf,19215866,74ab2535c07c447f256bc142acf8693eaee648c4,.pdf
docs/CIR_SAC_0117.pdf,12813209,192a88e74b3a9fbf0c9f1266fa2d279edf6fc526,.pdf
docs/CIR_SAC_0118.pdf,23796865,a32ddc43d6f22e717cb90653a47d6d0e553e10d5,.pdf
docs/CIR_SAC_0119.pdf,21127254,db3bd5b301d68f5622931bbe08c692095b8618c1,.pdf
docs/CIR_SAC_0120.pdf,16650368,94499afd47a3cf2211aca1e2d3130349b49e04a8,.pdf
docs/CIR_SAC_0121.pdf,21557753,3c24c657ae668818f3d4d3c7bbf59747fde7f42d,.pdf
docs/CIR_SAC_0122.pdf,9741541,0774492888dbdc6a1c89b9ba1390fd2b336a0070,.pdf
docs/CIR_SAC_0123.pdf,12725037,9c9b95d9fb2c8e5daa505a7fc22de9f8c9981928,.pdf
docs/CIR_SAC_0124.pdf,47210894,343357f9e9f9a08e1d6f9384e7191f5c924ad2c5,.pdf
docs/CIR_SAC_0125.pdf,69890766,9abf7886f6bab484b39548a7c6f3cdf444e8a08e,.pdf
docs/CIR_SAC_0126.pdf,172163472,428caf49e524d0ec6452cb8235147ae1843092d2,.pdf
docs/CIR_SAC_0127.pdf,16379755,5016fe3100fe415b570de37e45271bef824756a4,.pdf
docs/CIR_SAC_0128.pdf,65786996,e7d8d8bf865bc1e880d04a7c5f6437848f7d7f9e,.pdf
docs/CIR_SAC_0129.pdf,169114731,7657af7faced716583d7b1522cc90a8bbc6a1367,.pdf
docs/CIR_SAC_0130.pdf,425788536,500024518680f7774b9895cfe574be5a6cafc739,.pdf
docs/CIR_SAC_0131.pdf,188860192,09a6ec1728a70dcef9936befca4a6d0d3e574cba,.pdf
docs/CIR_SAC_0132.pdf,20373771,3cbea3c7ec3bc3b437a4ea791034668f1c7371d2,.pdf
docs/CIR_SAC_0133.pdf,40483675,e4e6cbf29f8f6dd5e693eff3664d6c821ec15472,.pdf
docs/CIR_SAC_0134.pdf,158631137,7821811554f37f047fcceed6cd5a27f3908664d8,.pdf
docs/CIR_SAC_0135.pdf,177415095,a56c78a87ed6e50f432ae697d57bad6d7e497659,.pdf
docs/CIR_SAC_0136.pdf,18634647,457fb67037c6b8c6d7665f7bbf4e8706c960e051,.pdf
docs/CIR_SAC_0137.pdf,17478705,90434e8918c67e8ad6517725f3597b20c9699e32,.pdf
docs/CIR_SAC_0138.pdf,16960584,581cc0a9b7b7d7d898862a505743f54c354fd283,.pdf
docs/CIR_SAC_0139.pdf,26587788,e23c473e9d61aedd422f431edda914302b4c875c,.pdf
docs/CIR_SAC_0140.pdf,26650855,60ceaad7f65b12842a683ad9d360c942d718c88b,.pdf
docs/CIR_SAC_0141.pdf,19624134,fcc8fead15f6e7f283d7fa78050004253244c49e,.pdf
docs/CIR_SAC_0142.pdf,46391732,c60117c4ef15d6c75d814e83b22ba73ab813d8b3,.pdf
docs/CIR_SAC_0143.pdf,30726912,301a752641499d5eeb933a2aa1f369f3f163f8cb,.pdf
docs/CIR_SAC_0144.pdf,14433382,583c6652fea84ae491ad2a15a82eac9a7d5c9356,.pdf
docs/CIR_SAC_0145.pdf,7766175,8e72c0252405bb07d013a692c3bab8d0b85deaf5,.pdf
docs/CIR_SAC_0146.pdf,26038896,5c0bb24ed44118fa26b6e5aeae17f26b1586fb34,.pdf
docs/CIR_SAC_0147.pdf,40748061,1f3e0cf0c18d52b1a312f212683803671a16a60d,.pdf
docs/CIR_SAC_0148.pdf,29260536,22de13f5f293b1b5b903a170276a18781f3129db,.pdf
docs/CIR_SAC_0149.pdf,27753654,d832d2512b71064730557bcc6f7d4453a2a13f99,.pdf
docs/CIR_SAC_0150.pdf,10769215,8a8c91e7a0908d8496a6a6eb64a6137c16225fe7,.pdf
docs/CIR_SAC_0151.pdf,5211372,6adc912981c6225f0e2b08dcbf0df94a591c1970,.pdf
docs/CIR_SAC_0152.pdf,2741114,a67b700b61c06c25cf496e6b782b0f174b333c8d,.pdf
docs/CIR_SAC_0153.pdf,6780919,66a5f7209f5c40273dbf14857d622c933cece052,.pdf
docs/CIR_SAC_0154.pdf,16309323,edb072933e47576a58133298214ca1333785e865,.pdf
docs/CIR_SAC_0155.pdf,34577558,b97b3966dea54ec0c4cc808adf04643f09f787eb,.pdf
docs/CIR_SAC_0156.pdf,8470925,6b3587dce22c7be144c1f67d80ab06d3be38ffc5,.pdf
docs/CIR_SAC_0157.pdf,21787370,735aec5d92363b269c6194317e9c397594ab24b2,.pdf
docs/CIR_SAC_0158.pdf,20605911,1e4042dda119349c7e2059be6e79204befaa37ad,.pdf
docs/CIR_SAC_0159.pdf,21208377,18ee6172869c51524425784bf13059dd4843217b,.pdf
docs/CIR_SAC_0160.pdf,12907800,3ee731d07924d64eec90b09bcb8151ad4bc1972d,.pdf
docs/CIR_SAC_0161.pdf,8303365,0b9b236200e49ccf5cb1d1d74ea5e27c7e783a84,.pdf
docs/CIR_SAC_0162.pdf,8426020,1eb0783ccdfbecaad3c42892f66e8503ed0e4725,.pdf
docs/CIR_SAC_0163.pdf,21596417,623fa7898670be58b9b1fd10141d3eb9a3aab300,.pdf
docs/CIR_SAC_0164.pdf,16145428,72fa4919995bebc4a013eb147e63233af3ee4ce8,.pdf
docs/CIR_SAC_0165.pdf,7790077,1791c635c90a241518a5b30882469c709a39d2fc,.pdf
docs/CIR_SAC_0166.pdf,12151080,4689a893a5b866ef0f01096dd60ca39d9fada968,.pdf
docs/CIR_SAC_0167.pdf,24338835,13af149d98d75ead92deb17c37038576b96cd41e,.pdf
docs/CIR_SAC_0168.pdf,67085161,5bed1692b6ed551124262ed5f68ebeee84ebec01,.pdf
docs/CIR_SAC_0169.pdf,16224221,7d3fc68c55118a86609a05f73c68c4a8a2448929,.pdf
docs/CIR_SAC_0170.pdf,8150361,c7a80d1399f731db48a7caee825f6a8ee3fd14f6,.pdf
docs/CIR_SAC_0171.pdf,18095286,3bec4d4038f6b9cf0f325f8e8500e6f02e8b0783,.pdf
docs/CIR_SAC_0172.pdf,28210047,931a08ce3c8df911e77bace513edca080873400a,.pdf
docs/CIR_SAC_0173.pdf,77276632,7fc13d758eceb8a01113f620b05ffe28240684c6,.pdf
docs/CIR_SAC_0174.pdf,22505390,67df125406d896beedeedaf2a55b74934207220a,.pdf
docs/CIR_SAC_0175.pdf,20818746,3e78e871a5595a22abec11804bce7d32f6c9e6f3,.pdf
docs/CIR_SAC_0176.pdf,2041599,0f4bf67f0769daa844573bd1ecdd9c4250b60641,.pdf
docs/CIR_SAC_0177.pdf,3762577,4f9a2c249c5011b777e9e74f0f9911bf6147a761,.pdf
docs/CIR_SAC_0178.pdf,21613483,e3be4c6ff375b7e177ea21deb380df0354e30335,.pdf
docs/CIR_SAC_0179.pdf,26096156,4a2bcfc06071df2bb9c82d1e0dac69139f866503,.pdf
docs/CIR_SAC_0180.pdf,30923320,51700fdb26798cefcce9dd430bc663680180481f,.pdf
docs/CIR_SAC_0181.pdf,26486015,c130911158259813bf676d5b6751c6ba999a1edb,.pdf
docs/CIR_SAC_0182.pdf,4126079,a872596725f8460bdde56ecfa245f8c33019750d,.pdf
docs/CIR_SAC_0183.pdf,16426118,94994ced61dbee6ad7f11e69aefac154e4bf7237,.pdf
docs/CIR_SAC_0184.pdf,9607530,17f5d5e966ec8fff6fd535d03904ae27088b6814,.pdf
docs/CIR_SAC_0185.pdf,55028217,1af9eaa20201a77e7d17fd7e9bc24291895e77f2,.pdf
docs/CIR_SAC_0186.pdf,29395555,2eaf2b1a018c650881b74c89d52f9e53f5ef18bb,.pdf
docs/CIR_SAC_0187.pdf,7390537,ad84902662bf2f2045f03a99e010bc11a5e3181e,.pdf
docs/CIR_SAC_0188.pdf,20612094,6db109dc8083aed9fa28970d6c5b0d24f2be16b4,.pdf
docs/CIR_SAC_0189.pdf,10252929,fda60568b9fdabd456fd976ef0963a204438102d,.pdf
docs/CIR_SAC_0190.pdf,42320602,13603d9dceef264b2463fb2d09e0689082f59c54,.pdf
docs/CIR_SAC_0191.pdf,20143447,56f7351407f230eb7dfbbdf6ca52b01ae4886c8c,.pdf
docs/CIR_SAC_0192.pdf,11696864,bc3cb1585dffeb7ebc7eb84e5ae23b3efccf9206,.pdf
docs/CIR_SAC_0193.pdf,11479471,83703cee2d1adc031dc38de6df007d1cc4497336,.pdf
docs/CIR_SAC_0194.pdf,9303855,f1aea73838f05762c16f1c67c535ae91dc2f6ea7,.pdf
docs/CIR_SAC_0195.pdf,2644773,b47498a3dc08df56e547460153c37c27a1b85812,.pdf
docs/CIR_SAC_0196.pdf,23681592,d371e4e63c042df0a5338faefaa3bcae6e9fa716,.pdf
docs/CIR_SAC_0197.pdf,11190991,740777585b70a516b415cdaef9f57d3b8cb3f1c0,.pdf
docs/CIR_SAC_0198.pdf,6562891,a33ac23e22ce737d825dc28a8ca39e00ceb17196,.pdf
docs/CIR_SAC_0199.pdf,25202172,98f6d0677059695f4d43c98b599b2debd1c5c94d,.pdf
docs/CIR_SAC_0200.pdf,7194739,37e615629bcc73e40e884d4f1b5ce97d1a92fefd,.pdf
docs/CIR_SAC_0201.pdf,22909185,252a54fb1fd10a2ec751a1c3e37db5ac09802d77,.pdf
docs/CIR_SAC_0202.pdf,15785878,56d05cdc7e8846374616bbdf02a3ffaffdb757ec,.pdf
docs/CIR_SAC_0203.pdf,3146915,99a0b1fd6abc407aec9ec415559dba168a2cb986,.pdf
docs/CIR_SAC_0204.pdf,7698568,750579c5b4eaf6e5b40cb3d32123f5148645e10c,.pdf
docs/CIR_SAC_0205.pdf,21102436,ca13a0c442555aa4e6ccf35de76d07987d14a751,.pdf
docs/CIR_SAC_0206.pdf,14436821,9452664cb71e5bc81395e5615c60623eeb13a6a4,.pdf
docs/CIR_SAC_0207.pdf,6176513,e1acc7b9f57703c6f6dc00dffdf65d1e0cc74712,.pdf
docs/CIR_SAC_0208.pdf,17987604,976cfd73aa22da1f18198262e12f986b24047e87,.pdf
docs/CIR_SAC_0209.pdf,1796119,0d9d795d6da91da50139e0442a18b456fd23de38,.pdf
docs/CIR_SAC_0210.pdf,20560128,4c95761fcd44e3821e239721e559aaef20445496,.pdf
docs/CIR_SAC_0211.pdf,15542709,935e10d5e07cb6b5b110f9bcf0c0fa1b48228618,.pdf
docs/CIR_SAC_0212.pdf,40676093,d8af4c23d281c8084d703a73e9a70850ac274a13,.pdf
docs/CIR_SAC_0213.pdf,18876871,c19e1211c1d12ec080897be1efba9c493e38570d,.pdf
docs/CIR_SAC_0214.pdf,4365414,f5b5c26f1ea87e8d2548b0d17de07b5b52e67dc9,.pdf
docs/CIR_SAC_0215.pdf,22070864,61c0bcd8db64188f2d342803951ac6bd22000101,.pdf
docs/CIR_SAC_0216.pdf,9887137,71038d5c2c94a5a21237fb81d2fb6291a4e7142a,.pdf
docs/CIR_SAC_0217.pdf,25571053,b261cfadd711418b802c09bf6ef3daec9394a93a,.pdf
docs/CIR_SAC_0218.pdf,17795746,f701a9032ef76d9aaf2aa11769dcf8fce38bad8e,.pdf
docs/CIR_SAC_0219.pdf,44236775,fe31fde87cb91f8c07bb426f92278ddf12399d23,.pdf
docs/CIR_SAC_0220.pdf,17404908,e3d084028fed95a1eac01f87ba03743cc353ac2b,.pdf
docs/CIR_SAC_0221.pdf,6946087,223b6dab68b585d9cbc6cbe3448c67ba2f3fb42f,.pdf
docs/CIR_SAC_0222.pdf,42567871,8eeaba706928efd3c2b741c51ce778ebd20257f2,.pdf
docs/CIR_SAC_0223.pdf,28784118,48a7e6eca5b528d66454b418d41659dfac188ac9,.pdf
docs/CIR_SAC_0224.pdf,13747597,324197b086d2f8d3b169ed3a0a14dfc32b5506ce,.pdf
docs/CIR_SAC_0225.pdf,15924266,ccc4abec6356ae0a38c3204a241292dfd74d5cf0,.pdf
docs/CIR_SAC_0226.pdf,36872036,68e69f12e4eef839db1a4ccfa7f04731f512778a,.pdf
docs/CIR_SAC_0227.pdf,24444780,f69fd22f7995f10384a002d176e85b765bcc4a0c,.pdf
docs/CIR_SAC_0228.pdf,4496747,4ac1d5cde61bc29935d2031e57e3eed679a70faf,.pdf
docs/CIR_SAC_0229.pdf,34706662,b25a5c9b4da1e6239031c763fe6c65376b5d401d,.pdf
docs/CIR_SAC_0230.pdf,880647,c6b7bc4a1bf216182898dd9ff916092df07c14c4,.pdf
docs/CIR_SAC_0231.pdf,14301238,78154ba65f6cf319d2e680c4c879c0c1b19298f1,.pdf
docs/CIR_SAC_0232.pdf,6778627,1cc2c154acde3a30dadb5e75cb5d34ba613767ba,.pdf
docs/CIR_SAC_0233.pdf,48378876,c1236b34c93842416960ff4fdaa29a47136a333e,.pdf
docs/CIR_SAC_0234.pdf,20930129,124a0b858df4886387f11842e39ce9fc06b09d9a,.pdf
docs/CIR_SAC_0235.pdf,27140718,da58eb337aa22e6ffe7902226ffac39ea6364c25,.pdf
docs/CIR_SAC_0236.pdf,6786088,55858a2a15dea99bc794f82008ed9d0b2e0cab36,.pdf
docs/CIR_SAC_0237.pdf,17396144,498149a3d9766f8747695bf07a10c00bfcf5b510,.pdf
docs/CIR_SAC_0238.pdf,2717661,fcaf24d64d4b8f0d3279b238054bdc9591c36b65,.pdf
docs/CIR_SAC_0239.pdf,210106950,ccee9a58cf623437fa6ca60d2491d239e98bf0ec,.pdf
docs/CIR_SAC_0240.pdf,15600197,6a3064d6f017d212058a275652dc37edb756feb2,.pdf
docs/CIR_SAC_0241.pdf,32596991,5a92a6822a16552c2f142a2f518ded02c3ed070b,.pdf
docs/CIR_SAC_0242.pdf,9480208,88bbf6df022019941255498741d2ebe8976fb413,.pdf
docs/CIR_SAC_0243.pdf,36691618,f4167e187f3df99fbbc051ce35d108b0b6d8247c,.pdf
docs/CIR_SAC_0244.pdf,13006561,437112abbd2bd88793f100b4b48ae2b38b45b6fe,.pdf
docs/CIR_SAC_0245.pdf,5156359,304735df502544bfd251d03528bf1d60a50133de,.pdf
docs/CIR_SAC_0246.pdf,12326124,4dc5a37ba16d22b7bb62dd5490fe978945337f58,.pdf
docs/CIR_SAC_0247.pdf,14006877,3155aaf904fe12999be9c25d76818d977fa29f69,.pdf
docs/CIR_SAC_0248.pdf,11937613,ff40351b0f0f88f35f3f90b298d58a14aecedf68,.pdf
docs/CIR_SAC_0249.pdf,11330365,5080d07f74e03e0b273e2a1e55d53a9e176d75d1,.pdf
docs/CIR_SAC_0250.pdf,19692290,eb83dba49fa79074a3ec4c8c7600a4fc2f7c0133,.pdf
docs/CIR_SAC_0251.pdf,117279270,da910660a4db59dd8cd32a29afce1baee82ccc63,.pdf
docs/CIR_SAC_0252.pdf,20023766,8bdff6bc2ba6a0bac3f0e6863fbcea17d9325d65,.pdf
docs/CIR_SAC_0253.pdf,36479411,c58ad6c79207844f07b390f81a77374d1ab6e53d,.pdf
docs/CIR_SAC_0254.pdf,21409638,455ea58d712dd00059d635957ebf9a31d73c3a9b,.pdf
docs/CIR_SAC_0255.pdf,65413642,2df6c3d22cd9f280511ca4e42a5d74250e66442c,.pdf
docs/CIR_SAC_0256.pdf,40114070,4bf6cabd0f739b4d46bdaa38774865939e250818,.pdf
docs/CIR_SAC_0257.pdf,31825853,684b37d347725ff975d7b10ea6bea7fa612aa7c3,.pdf
docs/CIR_SAC_0258.pdf,34762411,b18606cf8fbee93cfffeb25fd39cd9400a2b6825,.pdf
docs/CIR_SAC_0259.pdf,17397607,e73ee164bc16f7f3ad463e2fb1d747ee7285a96f,.pdf
docs/CIR_SAC_0260.pdf,13588415,8625ad5045f2e2431f300fa5485401d518718c43,.pdf
docs/CIR_SAC_0261.pdf,24970274,00e424fa470e19c51979f6bfeca52e5744526bfe,.pdf
docs/CIR_SAC_0262.pdf,30278157,33910064fc71d451e3fb984b7e423b731e24d363,.pdf
docs/CIR_SAC_0263.pdf,7117451,2be7472b53db09bb7d32ff82072ecf834b1a58b8,.pdf
docs/CIR_SAC_0264.pdf,53184400,c4505a542c459f1e73048b5755de0d3be4ad5d98,.pdf
docs/CIR_SAC_0265.pdf,8321891,e817b201c65780cf947d938fd90fedc665a076c5,.pdf
docs/CIR_SAC_0266.pdf,5695154,77b325a80b869df7764df7114e3617fbf4d3ee02,.pdf
docs/CIR_SAC_0267.pdf,7502023,5938dd54f5cae78bfe1ededdca3dc8bec4138211,.pdf
docs/CIR_SAC_0268.pdf,10559886,b5903e902ed0f0d717eb974937bc3044d078268f,.pdf
docs/CIR_SAC_0269.pdf,14132632,a49b8545008a41a6ccd19d1f4d01e4954f772fc6,.pdf
docs/CIR_SAC_0270.pdf,20236693,6d35c4d707ffd5e322f47c7f9aea24f827d6cfc3,.pdf
docs/CIR_SAC_0271.pdf,19622685,e227488ae63c89c07514e89608b3adf80cbe8936,.pdf
docs/CIR_SAC_0272.pdf,61784681,6d5a014b52ab1f3590178a6f35c5573ddd22b13f,.pdf
docs/CIR_SAC_0273.pdf,64137648,c4c11460df83d231fd0c12e5c74cef711128c1e9,.pdf
docs/CIR_SAC_0274.pdf,22437826,13c239b59c49a5eaa7a66f08108c636d22b9e49f,.pdf
docs/CIR_SAC_0275.pdf,32866873,46d47fa7c7ac78722680e03f02dd710445b13e08,.pdf
docs/CIR_SAC_0276.pdf,35239360,5c73e2f62c25877ebe576a6eed3054918fc5e833,.pdf
docs/CIR_SAC_0277.pdf,4744327,187a08e41894710d35504b7ef3560766a5df5924,.pdf
docs/CIR_SAC_0278.pdf,14362339,a14109aa734cceba1d941f3d0dfbec4a85ea5899,.pdf
docs/CIR_SAC_0279.pdf,8352841,7b5325c64e1f40b948319b063e02c92d805f67da,.pdf
docs/CIR_SAC_0280.pdf,19971830,2ac12b1d31e361e8cc4f1f07ccdfbe231951f962,.pdf
docs/CIR_SAC_0281.pdf,13038784,4a4ca24bea5fd3eb9ab315171d67cfdcdac9d432,.pdf
docs/CIR_SAC_0282.pdf,10786756,5a0f1f65a2b1ef7eaadb6e7a5aaaa46a0e999366,.pdf
docs/CIR_SAC_0283.pdf,8799153,035baab2bf076280ab7096d3d00951e36ed0bcde,.pdf
docs/CIR_SAC_0284.pdf,37924853,50b92512e01674622ad3500513239f98da5ec2e7,.pdf
docs/CIR_SAC_0285.pdf,21637578,7a007e02cbdec1bda6c1ae491459d9fd5d900761,.pdf
docs/CIR_SAC_0286.pdf,52991695,36100464faa877c5c630bac734127090675fb6c2,.pdf
docs/CIR_SAC_0287.pdf,56621007,d46225a36c6737ab9ceb3b00daefedba26e6bac7,.pdf
docs/CIR_SAC_0288.pdf,19478072,1336a0ed1aeef2d8e1902df9019dfc44c5e4132c,.pdf
docs/CIR_SAC_0289.pdf,44475769,7a3cf80afaf04a9312d2d030bad6fa76dbe3a43b,.pdf
docs/CIR_SAC_0290.pdf,127453318,e5878e4cf3f0941daf25b4ae500bab54402eaa97,.pdf
docs/CIR_SAC_0291.pdf,1649411,8e40152b21cb93c5273cfbd51294bcd0ca84116f,.pdf
docs/CIR_SAC_0292.pdf,25085387,36ccfd88b42af47e2e980e319555392084c392a9,.pdf
docs/CIR_SAC_0293.pdf,4591821,9f2d9f87961f4efa3408383d8f6ece02cc256079,.pdf
docs/CIR_SAC_0294.pdf,55178851,ca94819dff7ae9f5fdfe3d28d4d40694739b5cc1,.pdf
docs/CIR_SAC_0295.pdf,10735516,893befb856d6e8d9db7cf1d20a385d2c8a5dc8cb,.pdf
docs/CIR_SAC_0296.pdf,18079890,c9634f3a76f01055c9f9f5641de044db13cd7332,.pdf
docs/CIR_SAC_0297.pdf,37807414,025cdadf160b787683a9915357ae693b4a391d1f,.pdf
docs/CIR_SAC_0298.pdf,11215856,f19b54c2eef7d762e929630477f9ee7b84ac030c,.pdf
docs/CIR_SAC_0299.pdf,105791509,936de670d3b9f90cb777550f408ce3c99f77d371,.pdf
docs/CIR_SAC_0300.pdf,35234496,c8e3df9731a46dc190813434e8f2c1d99d58a31e,.pdf
docs/CIR_SAC_0301.pdf,23307023,e6823be008e779b0558a634d0550a13a9580d4e8,.pdf
docs/CIR_SAC_0302.pdf,107279332,61abc1c625cf461f30e42fc3ee21c1e9bd6a3ad5,.pdf
docs/CIR_SAC_0303.pdf,14347676,2aefc362f56e8a72ce2cd968f912b5fdd3438d5d,.pdf
docs/CIR_SAC_0304.pdf,79086070,5c4414b258a9faf1f290089f5c97cf13c9fb8406,.pdf
docs/CIR_SAC_0305.pdf,86417947,dd4ddfe9bde4182c875f0a1a01ddc85cf1b0ae8b,.pdf
docs/CIR_SAC_0306.pdf,55259761,a4b4e9c1242e9cd9fa0f64a9f46d4b46760d9cc2,.pdf
docs/CIR_SAC_0307.pdf,59078418,f6efbde6dcbe493996bd85ba0314413257a48d20,.pdf
docs/CIR_SAC_0308.pdf,79724374,d47ab614514cceddee107ba812048e54c2820cba,.pdf
docs/CIR_SAC_0309.pdf,57946789,ab02f5e3f1c332500dcc3b50166d9d6ca1793711,.pdf
docs/CIR_SAC_0310.pdf,49660067,b545094cf9328fa415b4e85d0d5704439c7c8d84,.pdf
docs/CIR_SAC_0311.pdf,52454924,2aa5e19c7c10acb9d375c31b614907edd3190fda,.pdf
docs/CIR_SAC_0312.pdf,10666283,2d6af7355c92e385bd8b79e40692fd78b100f95d,.pdf
docs/CIR_SAC_0313.pdf,30433951,4be8e897ec6501e9238fb1c92b5642aa298f5874,.pdf
docs/CIR_SAC_0314.pdf,87725808,ff1c459bcf40c6bc77d7cff14c5fe7745d6ee0cf,.pdf
docs/CIR_SAC_0315.pdf,109404176,6042dcebc7fd3b76f3ea495f745c9ea04b29141c,.pdf
docs/CIR_SAC_0316.pdf,21375118,33fd941735fc6da221ec5d2e791e87f87d99f33c,.pdf
docs/CIR_SAC_0317.pdf,18441199,95f3eda66cfd31810e2ff4b4d4efd0d7ddfd4070,.pdf
docs/CIR_SAC_0318.pdf,10164535,b5e59d518665ed2ef810ac08d19652aacc6717b5,.pdf
docs/CIR_SAC_0319.pdf,20457681,4e09823c99d54838c147c718d093c7002ec90842,.pdf
docs/CIR_SAC_0320.pdf,25618718,85c25be577447c88c4dcbd35d48e62853fe77796,.pdf
docs/CIR_SAC_0321.pdf,13814962,33544d4825b14ccc77affd1c0ff9bde8bcabd556,.pdf
docs/CIR_SAC_0322.pdf,26206636,f0916dc0f80e2a8e55d1983440f43c64578a9efc,.pdf
docs/CIR_SAC_0323.pdf,44368618,dab7850bcf3e8544e21823838d3c6cb1df5bab6a,.pdf
docs/CIR_SAC_0324.pdf,2600829,067c210062ecdc2e8b77a7ab5d31392be3f05705,.pdf
docs/CIR_SAC_0325.pdf,11166222,f7866db19c5cb2d20765ebcb1ca3377df1a2eb99,.pdf
docs/CIR_SAC_0326.pdf,2477322,093ba59c3168ac52f4bd670679100c9e8e66ae43,.pdf
docs/CIR_SAC_0327.pdf,42758240,4810477116ea2e455c0bc3951c8c7fbf67bf802e,.pdf
docs/CIR_SAC_0328.pdf,57909382,cf4cb7037eea3edb3d5aeab849a5e4b280a1bd43,.pdf
docs/CIR_SAC_0329.pdf,6502728,a8b6fac03037ff793a5aed7e4e18ac38824408a8,.pdf
docs/CIR_SAC_0330.pdf,18902156,b767cf9d6abf6c7c93729581dff144b6b7760057,.pdf
docs/CIR_SAC_0331.pdf,20603195,e17d59f8b6175d503318295e6abfb7b818c05543,.pdf
docs/CIR_SAC_0332.pdf,26406280,28cee59e307c213b8ccf080a4a1f50fbd28f6cf9,.pdf
docs/CIR_SAC_0333.pdf,13876942,634f52de688f778416608547aa8e46da66f87348,.pdf
docs/CIR_SAC_0334.pdf,40345467,2963b2c177c28003df5be4615dbc9fc7f45de326,.pdf
docs/CIR_SAC_0335.pdf,9863631,3c87a5f42a503222291862d63496e4d46f182012,.pdf
docs/CIR_SAC_0336.pdf,14490208,5635092f990baf2723a47f0becac4d5661370e00,.pdf
docs/CIR_SAC_0337.pdf,7805996,4600fcf6daece68871fa8d059f3dba2d4c3391e5,.pdf
docs/CIR_SAC_0338.pdf,10498361,beedb53235dddbb5f31ebc250d6adfab7421bb77,.pdf
docs/CIR_SAC_0339.pdf,30291414,bee6d272fbfeaa19923e9029fd92abef50763e8d,.pdf
docs/CIR_SAC_0340.pdf,30132728,8b164fe05a4f710bedd0921fd22ca0b2053ec6ac,.pdf
docs/CIR_SAC_0341.pdf,25047832,15be5a129f11153e6fab08f98fb431168f27fc41,.pdf
docs/CIR_SAC_0342.pdf,16634643,cad043b612219e9fbe7d551a4579cbe172244d3a,.pdf
docs/CIR_SAC_0343.pdf,10224244,5657748b313b48a1de2d3bd2ff1e883b8c287a36,.pdf
docs/CIR_SAC_0344.pdf,15899262,d9ba0491679922eebe36be529b0925f3ede71f39,.pdf
docs/CIR_SAC_0345.pdf,30387348,aa9b39e24d70621a2d21fd5b77e7c5e9c351fe6a,.pdf
docs/CIR_SAC_0346.pdf,23177832,ea27587fb45f6abae6ac60793bc914d492673121,.pdf
docs/CIR_SAC_0347.pdf,21029210,7dde1213df95a16df4d3000103676f34540f39a9,.pdf
docs/CIR_SAC_0348.pdf,17115284,8721e7bfac289d5afdb63cf8368c2ff79c65e047,.pdf
docs/CIR_SAC_0349.pdf,35980273,4c35ff92b742c43721fa4b7c882c9b0d1ad4dd06,.pdf
docs/CIR_SAC_0350.pdf,27231597,f35d8229bc626f789e57e7b5ab80cbaa37d304af,.pdf
docs/CIR_SAC_0351.pdf,25370779,4ea65a5c38d15ceff364e209388ba6b654a651e2,.pdf
docs/CIR_SAC_0352.pdf,107765065,e15cdf15be2fa2ac78bdb98a918101857eb35f04,.pdf
docs/CIR_SAC_0353.pdf,12258957,148e01bb710c16328e7ae936acfa68440a708f2a,.pdf
docs/CIR_SAC_0354.pdf,18167814,520f9c63f2f455854878f329e1b8b5c4dd97cb0b,.pdf
docs/CIR_SAC_0355.pdf,11138240,33dc99efd0dc7a094cc37088ebb265b15824d0fc,.pdf
docs/CIR_SAC_0356.pdf,27985934,c0a79cfb7fd6d51588d9f74149169ea26f43eb70,.pdf
docs/CIR_SAC_0357.pdf,31107044,fca58d3e43d1b8c158742625e0c122b516cb6163,.pdf
docs/CIR_SAC_0358.pdf,76629168,4cd1a28da920f29f5cfc6e0756f31c1e08290058,.pdf
docs/CIR_SAC_0359.pdf,76547223,04a246eb86d7398b907882eb2040cb8b400ee759,.pdf
docs/CIR_SAC_0360.pdf,109799028,49a732b213e76290678f993e4d3eaf784fa57a76,.pdf
docs/CIR_SAC_0361.pdf,26258162,f31d9c7f76835f52ef7d101260e47ecbd301519c,.pdf
docs/CIR_SAC_0362.pdf,13713907,17c1c1313317d1ad7add94e50d3e66fc87e82e74,.pdf
docs/CIR_SAC_0363.pdf,14261126,e1d3d0c37d20bd711d1b37dd87361f3ff310ccb2,.pdf
docs/CIR_SAC_0364.pdf,28573166,f9d96e4ef0a27f1f5b2660ada2ab91c2d05b8d00,.pdf
docs/CIR_SAC_0365.pdf,18101665,469be0c1b27f20f46cc6fb151ce09546ff54bdd7,.pdf
docs/CIR_SAC_0366.pdf,61237585,03002e196aad7bc55b6bcc4db740b4592f2f4ee2,.pdf
docs/CIR_SAC_0367.pdf,29043987,50a997ed345e72614ce0c4c7185356b11d417109,.pdf
docs/CIR_SAC_0368.pdf,22269668,1e483d2d1d5f504fdc69db1c3eaa147e6cc6b124,.pdf
docs/CIR_SAC_0369.pdf,14903938,e633187d1c714370024bbf75a60162850ef36b9e,.pdf
docs/CIR_SAC_0370.pdf,9690415,0d37aa29610d65399bd7457b3d42258af8591b71,.pdf
docs/CIR_SAC_0371.pdf,8415774,ffd866e472a8ec2cce901358b353e8165498da2d,.pdf
docs/CIR_SAC_0372.pdf,123757633,5c34b727c25b35772a9a8b8e75bcc141b1cfe144,.pdf
docs/CIR_SAC_0373.pdf,30964520,be76a5c38afd9b7186345a65c02706123eef8ad6,.pdf
docs/CIR_SAC_0374.pdf,33308214,9226c2dacdabe0b813ef3f567cd6f4d9522fc7a5,.pdf
docs/CIR_SAC_0375.pdf,25362823,f7fec64c9f3e332301fee62c20d4ca8ed1dfddcf,.pdf
docs/CIR_SAC_0376.pdf,12345978,86e49b43a7d617cdf6779887ba8cb964d7c1cf40,.pdf
docs/CIR_SAC_0378.pdf,45209359,0f6f12d7273b584c6b3f9fb0015982fa20eeb12c,.pdf
docs/CIR_SAC_0379.pdf,34761929,b73f99729bfddd86e0a1757b97ffde99aa6fc07a,.pdf
docs/CIR_SAC_0380.pdf,13065375,cdb0ff2d2fe878ee07966924427604802399dbeb,.pdf
docs/CIR_SAC_0381.pdf,16464427,315f3b1c27416a48cfb9b6af7712e90d4326fe42,.pdf
docs/CIR_SAC_0382.pdf,18723143,688dd928359a51c4f855ce3de85fd4c530cd1f5c,.pdf
docs/CIR_SAC_0383.pdf,19864091,cb7ed08a22d3acc28400ec553c043e71ea90d825,.pdf
docs/CIR_SAC_0384.pdf,20841707,c73a165d657a801541478429664517f6a4cb5fb9,.pdf
docs/CIR_SAC_0385.pdf,31695191,1c57440d3eeb7f01a84309964efc2733f328abb2,.pdf
docs/CIR_SAC_0386.pdf,30723252,d3c3a70bf1fe46030680c8fb258e8bb920242f6c,.pdf
docs/CIR_SAC_0387.pdf,15854674,c08b84c289427b5875fdfae8cb879b7c2d2041dd,.pdf
docs/Charte_droits-d-auteur_2012.pdf,29325,a1c1d7457321b79e3721eaa7bf94b6fab233ddb6,.pdf
docs/ENPC00_AR_LEESU_0001.pdf,604531,cbc78d63f4ca01e3d1b67e29ae8292f70e8a7360,.pdf
docs/ENPC00_AR_LEESU_0002.pdf,473837,d521fd30bf23fe340eeeba8c9c83551ea84dfe7a,.pdf
docs/ENPC00_AR_LEESU_0003.pdf,31701037,9272b023c279ffb0f64dee1bfccf23a7e9099edc,.pdf
docs/ENPC00_AR_LEESU_0004.pdf,11356868,16b62f2a44402731bb7dc879544b471a06c51de6,.pdf
docs/ENPC00_AR_LEESU_0005.pdf,1114349,f4c6b2f134f69ea72420a26d8247e82e4de97bce,.pdf
docs/ENPC00_AR_LEESU_0006.pdf,710053,a69be1a8d1ebea7f178acbe5283ead6b369a06d2,.pdf
docs/ENPC00_AR_LEESU_0007.pdf,68746770,f3ed7b870c57e87bf9abc6bf933554e944ff6072,.pdf
docs/ENPC00_AR_LEESU_0008.pdf,31507967,3a35b7ac763aa1232c921bc6178ad05d5d4348ca,.pdf
docs/ENPC00_AR_LEESU_0009.pdf,18381607,d01c67a4c4d73815f5a26a6384d381b814e13d4b,.pdf
docs/ENPC00_AR_LEESU_0010.pdf,17170115,53c7e75049e1a7d601ab98cdf36d829523e9e50f,.pdf
docs/ENPC00_AR_LEESU_0011.pdf,50107076,c3f2c0ec4e1e9ddcf7db26f50625f2550ba83a32,.pdf
docs/ENPC00_AR_LEESU_0012.pdf,39726771,f50222d5e346e1e8eedd5d267364dc9d478eec7b,.pdf
docs/ENPC00_AR_LEESU_0013.pdf,32583437,b5a7764a376c2d06819851cf6446431f93a71c5c,.pdf
docs/ENPC00_AR_LEESU_0014.pdf,36290299,b189a1e5dbbdaac15b9a4f76748a65a9a926c6dd,.pdf
docs/ENPC00_AR_LEESU_0015.pdf,742500,9f392e0cc0cdeb54d21e1ad7e949fd15b667a17a,.pdf
docs/ENPC00_AR_LEESU_0016.pdf,26199861,3a50d9b9ef6c7d2e536c877d409371f7b0bbd97d,.pdf
docs/ENPC00_AR_LEESU_0017.pdf,13566532,2d67a09901c63ad767b6142c0a62ebc0701d061a,.pdf
docs/ENPC00_AR_LEESU_0018.pdf,19229599,61dec5ef80fb418476671c84f11c0759488b6775,.pdf
docs/ENPC00_AR_LEESU_0019.pdf,18226351,fd4d8be44ec6f2139f63f9d3a2fcb0a9fe6f1ea6,.pdf
docs/ENPC00_AR_LEESU_0020.pdf,24256320,e11f0788752b4b5aeabd781b4a9e9dddbf15caee,.pdf
docs/ENPC00_AR_LEESU_0021.pdf,23901082,8b237f9c2eeaf8e954a940f1cf92673091b1e658,.pdf
docs/ENPC00_AR_LEESU_0022.pdf,12581175,0a09fe5019f843cf0bfacbcce3b1f98b6d24bcb5,.pdf
docs/ENPC00_AR_LEESU_0023.pdf,23172929,6545bd789cede80127d47b986e82af547c17aaab,.pdf
docs/ENPC00_AR_LEESU_0024.pdf,30423617,b63b31e2ec5504a1fb079ebf1835bf0127a43080,.pdf
docs/ENPC00_AR_LEESU_0025.pdf,37094422,aaeb45fd119462b9243ef62ec589e47d6e480fbd,.pdf
docs/ENPC00_AR_LEESU_0026.pdf,34160069,76b57eccdc1e77bdc8bf72bd739558621305d1e4,.pdf
docs/ENPC00_AR_LEESU_0027.pdf,24678443,1fd1d9dfd2520511cfcd9dafb5bb7918fae3a181,.pdf
docs/ENPC00_AR_LEESU_0028.pdf,10338040,2c55f3703b29d6e2686d735ceb70a3cbc65d36c1,.pdf
docs/ENPC00_AR_LEESU_0029.pdf,23775226,7eabc82188793de3c697a3ed1169fc7171ffc161,.pdf
docs/ENPC00_AR_LEESU_0030.pdf,48699016,38335e290b03a1032bb89876e3c2ff4526f594e1,.pdf
docs/ENPC00_AR_LEESU_0031.pdf,539805,264bd939acf5361538fb54434d1dd3419f992f8c,.pdf
docs/ENPC00_AR_LEESU_0032.pdf,892982,416deb3a39dd5070b822141bd084ee7621e06f54,.pdf
docs/ENPC00_AR_LEESU_0033.pdf,90786614,bccf9395a83e4463d454e486dac370594c0294e8,.pdf
docs/ENPC00_AR_LEESU_0034.pdf,6906942,a9aaab4dbdd080cc6864e0fa1b186a756eb597a2,.pdf
docs/ENPC00_AR_LEESU_0035.pdf,6952225,101a92ca83a3a930ed6f5ece014d025efe22c7e7,.pdf
docs/ENPC00_AR_LEESU_0036.pdf,15438772,bb44b9249ae4936837a0d547f973b37a19d0c258,.pdf
docs/ENPC00_AR_LEESU_0037.pdf,18920716,2a69edf860ef79d8ca90a5fdaf9245b34b7500ce,.pdf
docs/ENPC00_AR_LEESU_0038.pdf,20752750,d4d4669a911c46aaca356778986d0fb90d8a2bb8,.pdf
docs/ENPC00_AR_LEESU_0039.pdf,25269397,87d054b5d4e884ca20a153f9ee699c16d12016d5,.pdf
docs/ENPC00_AR_LEESU_0040.pdf,17352588,9915f7d7a8f9dab364584cf07f224d9daca5ee0c,.pdf
docs/ENPC00_AR_LEESU_0041.pdf,6162565,00e381a1979f83a82f4656cf5fc91d738f0d6d7d,.pdf
docs/ENPC00_AR_LEESU_0042.pdf,24574187,49dd0a6b378e415b154acd026c79227b25a01a75,.pdf
docs/ENPC00_AR_LEESU_0043.pdf,19924251,530b4ec10b52b1e530a3865fd403a343189ea712,.pdf
docs/ENPC00_AR_LEESU_0044.pdf,634242,37f583ee78b5f5cab69e28f9f86a69fc5cd11db1,.pdf
docs/ENPC00_AR_LEESU_0045.pdf,188671,8931f4c4fc8de8729b876732bc751e65009adab7,.pdf
docs/ENPC00_AR_LEESU_0046.pdf,518812,ca3c97fabbee12d9c9be7c9526b029d162157ab6,.pdf
docs/ENPC00_AR_LEESU_0048.pdf,656836,12c779fc443dfe1600952776857d803a8a3d2919,.pdf
docs/ENPC00_AR_LEESU_0049.pdf,234131,9e2b31b0950b4c1b712449dd004c33b35fa5da76,.pdf
docs/ENPC00_AR_LEESU_0050.pdf,80117,4281f6778b6a7fbe279fe5006102f1642a69185e,.pdf
docs/ENPC00_AR_LEESU_0051.pdf,14335387,e2f8dd6a5ee0cb85f88d9eb6b80f232703539e3b,.pdf
docs/ENPC00_AR_LEESU_0052.pdf,22604975,24e30489f8ee1e140414185dd9e4722b97950e70,.pdf
docs/ENPC00_AR_LEESU_0053.pdf,637642,fc6ebb8aa8b8966e96963842fa53e1101e50d57d,.pdf
docs/ENPC00_AR_LEESU_0054.pdf,268412,91dcb3ad71daf0f510871bd423512ed230f3de92,.pdf
docs/ENPC00_AR_LEESU_0055.pdf,261136,ffeec128b0bf5ec248e1e03a72911d47f88e5790,.pdf
docs/ENPC00_AR_LEESU_0056.pdf,3163750,40b0b3ac1705c0f67a0a4a58671fe29d3d77a751,.pdf
docs/ENPC00_AR_LEESU_0057.pdf,14753360,94b53517ab9808c8e58bb5e159050552ba1a3163,.pdf
docs/ENPC00_AR_LEESU_0058.pdf,619977,fc4376e0b38c2f0b70717390228bf56522d30e1b,.pdf
docs/ENPC00_AR_LEESU_0059.pdf,7563658,7ef987c23ed51a1e4033f310e751b7ba81ffdb75,.pdf
docs/ENPC00_AR_LEESU_0060.pdf,5493788,6478bab77f4d53b00c911418f334a5495543af13,.pdf
docs/ENPC00_AR_LEESU_0061.pdf,3966840,df8f1194e6a5a3f847bcaa3bc33fe7d35af165c4,.pdf
docs/ENPC00_AR_LEESU_0062.pdf,243442,b599662e5e5f92d16f56c476bde5e05d97581f82,.pdf
docs/ENPC00_AR_LEESU_0063.pdf,2644991,99e331c44519ffd9dbb754a14c5704fed61564b7,.pdf
docs/ENPC00_AR_LEESU_0064.pdf,818604,31cc1593842ee57e60174db79ca0e88b05abfb67,.pdf
docs/ENPC00_AR_LEESU_0065.pdf,38360074,aaafde05c12c224bdff13e8dd8858ccf7e009b5f,.pdf
docs/ENPC00_AR_LEESU_0066.pdf,14165621,e248167f13259b7332b7b5f7c6c82821971d9785,.pdf
docs/ENPC00_AR_LEESU_0067.pdf,21889509,7865740225c51a7d8a79f00e8b4ad8d151888588,.pdf
docs/ENPC00_AR_LEESU_0068.pdf,25031408,c1486b5066b6efe5a3587faee20e9d088b4a4c74,.pdf
docs/ENPC00_AR_LEESU_0069.pdf,4472767,a80acc8460d6a4f6f2a62598d5d1261aa30d9fcb,.pdf
docs/ENPC00_AR_LEESU_0070.pdf,18499764,fd79739c72baaa5065767570f1925e3d0641380f,.pdf
docs/ENPC00_AR_LEESU_0071.pdf,26996875,9482e4139b15b5b407c318b4c917ca0c45dc36e5,.pdf
docs/ENPC00_AR_LEESU_0072.pdf,1011467,fd02ea19ced2e268765b9de0471522f2774cadc5,.pdf
docs/ENPC00_AR_LEESU_0073.pdf,43315,83e27c3c3dcb0e2cc5834ebe790c67b39abb2216,.pdf
docs/ENPC00_AR_LEESU_0074.pdf,319119,5774c45770ccad0a37624cde9d0acdeb0071e0e5,.pdf
docs/ENPC00_AR_LEESU_0075.pdf,33055266,9e4bfd79f576e9a043685d4040de25f58e7f2d71,.pdf
docs/ENPC00_OUV_LEESU_0001.pdf,22883818,eaac2a33937291f30cbb5cf1a95dcadc2b0e5719,.pdf
docs/ENPC00_OUV_LEESU_0002.pdf,34486861,7275ad0039ca94b2ebc64332d27fe66208a8fe7b,.pdf
docs/ENPC00_OUV_LEESU_0003.pdf,24274258,210bf9eaa54edf21be21eb8f03136f93a0dc4294,.pdf
docs/ENPC00_OUV_LEESU_0004.pdf,22884535,d205ed17a8dfbe558a17c0b8d7749b292f49f137,.pdf
docs/ENPC00_OUV_LEESU_0005.pdf,23525990,03523c6b7e5559089c2a4fe2836f4c072e3b4aff,.pdf
docs/ENPC00_OUV_LEESU_0006.pdf,25155375,3110acc7401fabffe36e8e22b03da3ab3fc49b96,.pdf
docs/ENPC00_OUV_LEESU_0007.pdf,40358333,054626f4de6e96664ac4b4fa4ab2607ccb48bba1,.pdf
docs/ENPC00_OUV_LEESU_0008.pdf,44074000,42ba2d692cd7ae016a8525ab8ffdca9a2b20e9f5,.pdf
docs/ENPC00_OUV_LEESU_0009.pdf,66233938,47e65f134075cd3572fe5d030182ce746a7ceda4,.pdf
docs/ENPC00_OUV_LEESU_0010.pdf,86623491,ad4ecab142f1753029bb76fc470774527911dd93,.pdf
docs/ENPC00_OUV_LEESU_0011_1.pdf,1574971,406aa643aed939485614be008412bcde2c5d2555,.pdf
docs/ENPC00_OUV_LEESU_0011_2.pdf,5451147,67c9c49613ae8436fc2f4a8824b22b43dea06a18,.pdf
docs/ENPC00_OUV_LEESU_0012.pdf,4966389,8761ba6d2d1db8fca849cce5a985d1000683ed43,.pdf
docs/ENPC00_OUV_LEESU_0013.pdf,2342161,b53988851608af8054552da074da5d4c613d132b,.pdf
docs/ENPC00_OUV_LEESU_0014.pdf,2932086,9ff83d704bf04224bf89d9dc278711b979d2a99c,.pdf
docs/ENPC00_OUV_LEESU_0015.pdf,4445210,b8516a3d6d2cb279167069c46a096999d7eb3f74,.pdf
docs/ENPC00_OUV_LEESU_0016_a.pdf,4326454,1cfa2b93bf185afb0f59f6af7349657d910513cb,.pdf
docs/ENPC00_OUV_LEESU_0016_b.pdf,527969,c8f1143d7403eb44331b391e7d701a959a44336e,.pdf
docs/ENPC00_OUV_LEESU_0017.pdf,4227123,a6bb2274d8dddb073c5478f3cc62f97c50f3392c,.pdf
docs/ENPC00_OUV_LEESU_0018.pdf,4528399,67812b453ac6fce6595e2715bf4efb5a54235a82,.pdf
docs/ENPC00_OUV_LEESU_0019.pdf,2129879,b3ab87f341de0265f79423f3b7b3407c9826e257,.pdf
docs/ENPC00_OUV_LEESU_0020.pdf,6557743,ee56f4a336698cb87a3bd3e779c32e73f26be0b0,.pdf
docs/ENPC00_OUV_LEESU_0021.pdf,72451016,07dfddd083316dd035e2ec59b791782723c1512e,.pdf
docs/ENPC00_OUV_LEESU_0022.pdf,54306369,49d98022134d4f16075bc3984fcb35fb32ec149e,.pdf
docs/ENPC00_OUV_LEESU_0023.pdf,26475520,36bc71bac3a0b67fab228cca2956ce763c5e2644,.pdf
docs/ENPC00_OUV_LEESU_0024.pdf,99688915,c2c5d5530abc9a0bdb9e0d1a24e505cb07b5605f,.pdf
docs/ENPC00_OUV_LEESU_0025.pdf,26722540,4f8ffb952f3fadcff4fd333257dd2830d55532c1,.pdf
docs/ENPC00_OUV_LEESU_0026.pdf,37676429,df9fa8a48decd575d65184236ae3faa99f4887e3,.pdf
docs/ENPC00_OUV_LEESU_0027.pdf,43423645,11d2114ce3567088c562d7af26377660c338b88c,.pdf
docs/ENPC00_OUV_LEESU_0028.pdf,43641054,8221bcea366e2a40f71410548a5d8d06b5098edb,.pdf
docs/ENPC00_OUV_LEESU_0029.pdf,51042051,619228c9b7efa973e2e2cbbf3db6b0ca419d5f3e,.pdf
docs/ENPC00_OUV_LEESU_0030.pdf,21139665,1bcfcc36384ece363f82c28319b4364804635196,.pdf
docs/ENPC00_OUV_LEESU_0031.pdf,106547234,e657ee924add47d2a0fc215bc365d5cc38d045ec,.pdf
docs/ENPC00_OUV_LEESU_0032.pdf,21370447,a4591e37d6959de40e503254f5f87ecb429bb999,.pdf
docs/ENPC00_OUV_LEESU_0033.pdf,16182968,a064963b122267220bfef49609c350c5c2b43810,.pdf
docs/ENPC00_OUV_LEESU_0034.pdf,10312985,0d3fe7439fbabe5676708cd7e90d25fedb5e382a,.pdf
docs/ENPC00_RA_LEESU_0001.pdf,12993238,c39ca43e69c2304743a0a25c7911fdf0580a6e81,.pdf
docs/ENPC00_RA_LEESU_0002.pdf,53224266,fd908cb3f1baa2d9ba1ca2ce0b7b25fdd03c49d7,.pdf
docs/ENPC00_RA_LEESU_0003.pdf,86068930,b65579452c7c11a00e6614287381f95a7a0c020c,.pdf
docs/ENPC00_RA_LEESU_0004.pdf,13302031,4b6f2895f2215863e7cba4554659b756e758492b,.pdf
docs/ENPC00_RA_LEESU_0005.pdf,10445446,89ee289a372abab7c861f2a4f5c13d0e9e2504c9,.pdf
docs/ENPC00_RA_LEESU_0006.pdf,7378363,3b9270b80838f59d792450820ff57588b694c103,.pdf
docs/ENPC00_RA_LEESU_0007.pdf,105792445,e7369142f1bab04e53e552b64c0e6308c42c8a6e,.pdf
docs/ENPC00_RA_LEESU_0008.pdf,28247119,1a99da06df36f52befd27fcc3a683b546c62490e,.pdf
docs/ENPC00_RA_LEESU_0009.pdf,23383622,34929d8ee5f9f75967d92ce019c252695c413afc,.pdf
docs/ENPC00_RA_LEESU_0010.pdf,20920403,6581306aa7cfc1103fc7052cdd22469c48bbf0fa,.pdf
docs/ENPC00_RA_LEESU_0011.pdf,65842451,e471c99e13d21d29920b27f523efee005378b80e,.pdf
docs/ENPC00_RA_LEESU_0012.pdf,29218246,a474cd290ffa308ea1d573bb387edf82ffa74ffa,.pdf
docs/ENPC00_RA_LEESU_0013.pdf,48597627,e8bb8f28474997c96aea119cb2de8086bcc5bdbc,.pdf
docs/ENPC00_RA_LEESU_0014.pdf,124740118,a65a4f931cb699685483d4fd41046365d23a1d3d,.pdf
docs/ENPC00_RA_LEESU_0015.pdf,33014652,a29a24662d0c167108ec46cb61b7cd2a8daff61a,.pdf
docs/ENPC00_RA_LEESU_0016.pdf,26662953,b555253e3b79e41daf195631f2274b2e9748593e,.pdf
docs/ENPC00_RA_LEESU_0017.pdf,116805062,0ec2d6564e56c608ff29aadfa129e5f6e1365c2b,.pdf
docs/ENPC00_RA_LEESU_0018.pdf,78652189,7037d3310c6a263d180a605ed274510c5cbbb320,.pdf
docs/ENPC00_RA_LEESU_0019.pdf,57559530,9ad9f885f53ac1538c4c73e95d14ad517353a803,.pdf
docs/ENPC00_RA_LEESU_0020.pdf,14961261,05238642e41070a488c0f799757c436cb93b3fb1,.pdf
docs/ENPC00_RA_LEESU_0021.pdf,40289426,a6aa861c2d42c20a931178a81302dc26fbfdb3bb,.pdf
docs/ENPC00_RA_LEESU_0022.pdf,52120564,d5b3e39d98b695866b21006ad6c366e8a766ca32,.pdf
docs/ENPC00_RA_LEESU_0023.pdf,15621205,0a156d5950a16967290923902ee69b13f15f2566,.pdf
docs/ENPC00_RA_LEESU_0024.pdf,111951141,fa677215c3d66e4b66e021fc2a4c2f015baf517d,.pdf
docs/ENPC00_RA_LEESU_0025.pdf,78559413,7db352fc4fdf82994e28b058d04b70fb9a2e51c9,.pdf
docs/ENPC00_RA_LEESU_0026.pdf,73623952,1283c9a1b46cefdac8da3cdb7d62547273ee1b6f,.pdf
docs/ENPC00_RA_LEESU_0027.pdf,20108810,955981e98d90abe5e532dc7fd10eddacea723728,.pdf
docs/ENPC00_RA_LEESU_0028.pdf,14909966,147bce2753c89eff348db9981d7146e396a08c0b,.pdf
docs/ENPC00_RA_LEESU_0029.pdf,24663256,a9d91bf0c1802956fb52e34c5ae79cabe5a71637,.pdf
docs/ENPC00_RA_LEESU_0030.pdf,19812808,b95aed1b56b882347b19b052fb51d1f33d223a0b,.pdf
docs/ENPC00_RA_LEESU_0032.pdf,17166110,f847a6a787f2b0ef4269040c5172db507950666a,.pdf
docs/ENPC00_RA_LEESU_0033.pdf,18465964,520ea15cc9a7b6fba688dab9a8b8cdaa1ea0ade4,.pdf
docs/ENPC00_RA_LEESU_0034.pdf,11617478,b9c3c417c629a897d502bd6e4f4ee560437b58b8,.pdf
docs/ENPC00_RA_LEESU_0035.pdf,21953514,31b1e027ad9f865937234cfd28d462114ed21ffc,.pdf
docs/ENPC00_RA_LEESU_0036.pdf,9599365,519e809217c6d805b094a3dd935131dd780be19e,.pdf
docs/ENPC00_TH_LEESU_0001.pdf,77075016,7c9f7763a61bc1df40664e2788a14a1f75ff550c,.pdf
docs/ENPC00_TH_LEESU_0002.pdf,34667146,23bdbd7453b2d9cb0baa26408b561e8de79dd980,.pdf
docs/ENPC00_TH_LEESU_0003.pdf,38462588,d0a4b92801582c6958ad827e76710d3952863d6f,.pdf
docs/ENPC00_TH_LEESU_0004.pdf,73545345,b6996191b3ed2200e82d9373c01d6fb773533a9b,.pdf
docs/ENPC00_TH_LEESU_0005.pdf,68150591,f701eddeb0ad60526d7642feeb2828fe16ad1089,.pdf
docs/ENPC00_TH_LEESU_0006.pdf,64956551,912e3030bbced1058d72de3ef18c4fa3c8b111ea,.pdf
docs/ENPC00_TH_LEESU_0007.pdf,4162480,f16d1fa8182aeb5b77a1f7b5c68ff86e35494f37,.pdf
docs/ENPC00_TH_LEESU_0008.pdf,2396068,2730e67b091bad8424955ace614c5fa94f154337,.pdf
docs/ENPC00_TH_LEESU_0009.pdf,732290,155d7ba62da4b53eec16eecd075fe4ff49e5e5eb,.pdf
docs/ENPC00_TH_LEESU_0010.pdf,2525977,1859ac5c521f0727bcf25f67879ab84d66890a26,.pdf
docs/ENPC00_TH_LEESU_0011.pdf,64806557,e13e02118927ef4b8a24361ee8654625cd057327,.pdf
docs/ENPC00_TH_LEESU_0012.pdf,15203231,99888c02a3e59afc2ff4a1a0eeff763428ad98a1,.pdf
docs/ENPC00_TH_LEESU_0013.pdf,26852597,f7ee06fc478886bf624f7b7b6f92484ff6e7d355,.pdf
docs/ENPC00_TH_LEESU_0014.pdf,47106970,eee5de55c951dc1034ca6f526989cc2b71963269,.pdf
docs/ENPC00_TH_LEESU_0015.pdf,5746481,bf1321c496a3f2959783f2c00e6b64383fe0245e,.pdf
docs/ENPC00_TH_LEESU_0016.pdf,8154287,c923c88b0b49e2c8a876eca22689a9a4d4a14535,.pdf
docs/ENPC00_TH_LEESU_0017.pdf,24014476,f6a6598f7580e89042dbadf238c1d20c67c0b637,.pdf
docs/ENPC00_TH_LEESU_0018.pdf,7329657,fe910db42dcd50971f27c9fcbb7a2582695f2cfa,.pdf
docs/ENPC00_TH_LEESU_0019.pdf,60323356,6e46c42759df2c7e74973def774abea366013d14,.pdf
docs/ENPC00_TH_LEESU_0020.pdf,40471948,219004ffb578a8cd4f3a574f2621d7101764d582,.pdf
docs/ENPC00_TH_LEESU_0021.pdf,36478703,e0a8876b5fe3663a5619f163f1b161b25dc6c05f,.pdf
docs/ENPC00_TH_LEESU_0022.pdf,55657513,a5c2b3763fa701ca4d5d89f72b7e1485fa843983,.pdf
docs/ENPC00_TH_LEESU_0023.pdf,9722557,8672a4f9bda0e6ec73a0377178f377d818fadac5,.pdf
docs/ENPC00_TH_LEESU_0024.pdf,8262810,738634d7bb6ae60ce4735675ccd160e8fd6cf5d6,.pdf
docs/ENPC00_TH_LEESU_0025.pdf,59044209,875b0c3ddb411660e1c5ceafddc9635d35bb8ba8,.pdf
docs/ENPC00_TH_LEESU_0026.pdf,53463584,193e80ca5fcd0b57e9a5cab2c12c4fdda9f0b519,.pdf
docs/ENPC00_TH_LEESU_0027.pdf,41080251,daf0cf5e0206373e34b09a911c88ed1478719d53,.pdf
docs/ENPC00_TH_LEESU_0028.pdf,22793285,cc87baabe0188ebbbda0739a1f16de71ec79c7f6,.pdf
docs/ENPC00_TH_LEESU_0029.pdf,31313124,ddad1721900e1f1de06453822d3946151fc2a8e8,.pdf
docs/ENPC00_TH_LEESU_0030.pdf,54143343,8810cb949726ab3d61d19ba915bc559a516048d8,.pdf
docs/ENPC00_TH_LEESU_0031.pdf,39082107,acd680bd1b37a609608c401bbc8b1e29446524a2,.pdf
docs/ENPC00_TH_LEESU_0032.pdf,30848930,6c9d1fc1fed6689d3fa4a9080825b78a5336f15a,.pdf
docs/ENPC00_TH_LEESU_0033.pdf,60345788,b5751b57cd619de2076923d0a54557e88f940882,.pdf
docs/ENPC00_TH_LEESU_0034.pdf,123732041,daa4213f9c9a15789167679e18c733a921cd07d1,.pdf
docs/ENPC00_TH_LEESU_0035.pdf,23189123,ebfa89ee138b82f28b43bdd8ce5538d6315efcbe,.pdf
docs/ENPC00_TH_LEESU_0036.pdf,16247605,2bfe2c26c261f3cf1dc59caf619b3bded9fae92e,.pdf
docs/Inventaire_Doc_CIRED.xls,26112,f1704f6e0191e2886836a661b43d25ba1497cd74,.xls
docs/TDMSachs/60s70sENscenario/README.txt,1045,ec437d5a73eb9b66057e8011889a06f3f2eceb51,.txt
docs/TDMSachs/60s70sENscenario/config.json,1833,bc5a72bb9d2829424141c6128773989f6ef18f61,.json
docs/TDMSachs/60s70sENscenario/css/style.css,8619,1b8d36e555b4989b87b7d1c5178638137baa9bb9,.css
docs/TDMSachs/60s70sENscenario/css/tablet.css,38,264eac649900d6a34474d37883019113a1465c67,.css
docs/TDMSachs/60s70sENscenario/data.json,39077,aee35fd3f3f1f08b04af41094667ecf57b798448,.json
docs/TDMSachs/60s70sENscenario/htaccess_example,52,ecbbf85dd9677114d98522c5c0f28f864692f25b,
docs/TDMSachs/60s70sENscenario/images/CC.png,2053,cb018a9a9640234d8b2b0bc1c1c9717253bfa32c,.png
docs/TDMSachs/60s70sENscenario/images/blank.gif,43,2daeaa8b5f19f0bc209d976c02bd6acb51b00b0a,.gif
docs/TDMSachs/60s70sENscenario/images/fancybox_loading.gif,3866,48673ea547f521de42a1a2057df6939cafda7ae5,.gif
docs/TDMSachs/60s70sENscenario/images/fancybox_sprite.png,2277,0e3d508543da1e3927cc1c497dc8f336e897981c,.png
docs/TDMSachs/60s70sENscenario/images/info.png,407,4b588eb28c977c40dd4ac290aefba963be5014d2,.png
docs/TDMSachs/60s70sENscenario/images/jisc-logo-small.png,6489,7a522fe05f07c588e43231b593c553ee429d6f17,.png
docs/TDMSachs/60s70sENscenario/images/oii.png,12668,263a1fc9d14059f0c9d838eefa2c1a97b4c6c07e,.png
docs/TDMSachs/60s70sENscenario/images/oii_brand.png,2172,755aec59eef8da3e6612a972e0f296876a9960c7,.png
docs/TDMSachs/60s70sENscenario/images/oii_text.png,19778,47dea668aa7f0e7149d6cb0427b8569361cc1139,.png
docs/TDMSachs/60s70sENscenario/images/rainbow.png,1708,e6251917d5e4f692cc0410dd2107f35c77ba6605,.png
docs/TDMSachs/60s70sENscenario/images/sprite.png,5870,9f5e2855efa641bf27c6c591f3a2ccbf066f7228,.png
docs/TDMSachs/60s70sENscenario/images/zoom_in.png,4433,c48f3a64ef092141d355a144e7dffc377bce4b61,.png
docs/TDMSachs/60s70sENscenario/images/zoom_out.png,4309,e583db8965e31655c4da0fb3df23359f7396fe48,.png
docs/TDMSachs/60s70sENscenario/images/zoom_reset.png,4211,d6c85396fe4209636d71e35609c8c2ccaa8e775a,.png
docs/TDMSachs/60s70sENscenario/index.html,4033,00042d7da8a5bf4b03ae6ad6175e39d6f95bde01,.html
docs/TDMSachs/60s70sENscenario/js/excanvas.js,17519,550e23b34737b5d4ef1cc8f82f9d24b19b6f3ea8,.js
docs/TDMSachs/60s70sENscenario/js/fancybox/jquery.fancybox.css,3921,336e35d431a5fc9694daf7c0eddf9b6982de9222,.css
docs/TDMSachs/60s70sENscenario/js/fancybox/jquery.fancybox.pack.js,17638,915955b4aa04c00f818fd09ae143f3845dd2fa14,.js
docs/TDMSachs/60s70sENscenario/js/jquery/jquery.min.js,94840,abcd2ba13348f178b17141b445bc99f1917d47af,.js
docs/TDMSachs/60s70sENscenario/js/main.js,19089,d0dec711417635fc065702186f72b6e8ffcedf71,.js
docs/TDMSachs/60s70sENscenario/js/sigma/_sigma.min.js,31443,bd0ca324b5873e4c065036c1fa03a3c86778eead,.js
docs/TDMSachs/60s70sENscenario/js/sigma/parseGexf_fin.js,6393,496b6fa2fe97dc17eea5d8f925a802f3ab72cc29,.js
docs/TDMSachs/60s70sENscenario/js/sigma/sigma.js,54698,8e1bb03e472de4d1fc9cf510925c8fa4f3abf066,.js
docs/TDMSachs/60s70sENscenario/js/sigma/sigma.min.js,31443,bd0ca324b5873e4c065036c1fa03a3c86778eead,.js
docs/TDMSachs/60s70sENscenario/js/sigma/sigma.parseGexf.js,6344,95af76bcb0c3e8ff95041ed96ffdab2e7c8293a7,.js
docs/TDMSachs/60s70sENscenario/js/sigma/sigma.parseJson.js,883,adf3fa4622dc85dbdec7f8b399621add99f251fd,.js
docs/TDMSachs/60s70sENscenario/web.config,271,1f31d99e720946c2d8ef99961196b24211d6df3b,.config
docs/TDMSachs/60s70sENville/README.txt,1045,ec437d5a73eb9b66057e8011889a06f3f2eceb51,.txt
docs/TDMSachs/60s70sENville/config.json,1417,e9ce14c70ad890dd6e37ff740ad2467130935503,.json
docs/TDMSachs/60s70sENville/css/style.css,8619,1b8d36e555b4989b87b7d1c5178638137baa9bb9,.css
docs/TDMSachs/60s70sENville/css/tablet.css,38,264eac649900d6a34474d37883019113a1465c67,.css
docs/TDMSachs/60s70sENville/data.json,121636,4fb9abf07a50d6a5a741c97189fb8779d5d803a8,.json
docs/TDMSachs/60s70sENville/htaccess_example,52,ecbbf85dd9677114d98522c5c0f28f864692f25b,
docs/TDMSachs/60s70sENville/images/CC.png,2053,cb018a9a9640234d8b2b0bc1c1c9717253bfa32c,.png
docs/TDMSachs/60s70sENville/images/blank.gif,43,2daeaa8b5f19f0bc209d976c02bd6acb51b00b0a,.gif
docs/TDMSachs/60s70sENville/images/fancybox_loading.gif,3866,48673ea547f521de42a1a2057df6939cafda7ae5,.gif
docs/TDMSachs/60s70sENville/images/fancybox_sprite.png,2277,0e3d508543da1e3927cc1c497dc8f336e897981c,.png
docs/TDMSachs/60s70sENville/images/info.png,407,4b588eb28c977c40dd4ac290aefba963be5014d2,.png
docs/TDMSachs/60s70sENville/images/jisc-logo-small.png,6489,7a522fe05f07c588e43231b593c553ee429d6f17,.png
docs/TDMSachs/60s70sENville/images/oii.png,12668,263a1fc9d14059f0c9d838eefa2c1a97b4c6c07e,.png
docs/TDMSachs/60s70sENville/images/oii_brand.png,2172,755aec59eef8da3e6612a972e0f296876a9960c7,.png
docs/TDMSachs/60s70sENville/images/oii_text.png,19778,47dea668aa7f0e7149d6cb0427b8569361cc1139,.png
docs/TDMSachs/60s70sENville/images/rainbow.png,1708,e6251917d5e4f692cc0410dd2107f35c77ba6605,.png
docs/TDMSachs/60s70sENville/images/sprite.png,5870,9f5e2855efa641bf27c6c591f3a2ccbf066f7228,.png
docs/TDMSachs/60s70sENville/images/zoom_in.png,4433,c48f3a64ef092141d355a144e7dffc377bce4b61,.png
docs/TDMSachs/60s70sENville/images/zoom_out.png,4309,e583db8965e31655c4da0fb3df23359f7396fe48,.png
docs/TDMSachs/60s70sENville/images/zoom_reset.png,4211,d6c85396fe4209636d71e35609c8c2ccaa8e775a,.png
docs/TDMSachs/60s70sENville/index.html,4033,00042d7da8a5bf4b03ae6ad6175e39d6f95bde01,.html
docs/TDMSachs/60s70sENville/js/excanvas.js,17519,550e23b34737b5d4ef1cc8f82f9d24b19b6f3ea8,.js
docs/TDMSachs/60s70sENville/js/fancybox/jquery.fancybox.css,3921,336e35d431a5fc9694daf7c0eddf9b6982de9222,.css
docs/TDMSachs/60s70sENville/js/fancybox/jquery.fancybox.pack.js,17638,915955b4aa04c00f818fd09ae143f3845dd2fa14,.js
docs/TDMSachs/60s70sENville/js/jquery/jquery.min.js,94840,abcd2ba13348f178b17141b445bc99f1917d47af,.js
docs/TDMSachs/60s70sENville/js/main.js,19089,d0dec711417635fc065702186f72b6e8ffcedf71,.js
docs/TDMSachs/60s70sENville/js/sigma/_sigma.min.js,31443,bd0ca324b5873e4c065036c1fa03a3c86778eead,.js
docs/TDMSachs/60s70sENville/js/sigma/parseGexf_fin.js,6393,496b6fa2fe97dc17eea5d8f925a802f3ab72cc29,.js
docs/TDMSachs/60s70sENville/js/sigma/sigma.js,54698,8e1bb03e472de4d1fc9cf510925c8fa4f3abf066,.js
docs/TDMSachs/60s70sENville/js/sigma/sigma.min.js,31443,bd0ca324b5873e4c065036c1fa03a3c86778eead,.js
docs/TDMSachs/60s70sENville/js/sigma/sigma.parseGexf.js,6344,95af76bcb0c3e8ff95041ed96ffdab2e7c8293a7,.js
docs/TDMSachs/60s70sENville/js/sigma/sigma.parseJson.js,917,d7fa52062d709eb140056ba6e6b3e0fae64fd69f,.js
docs/TDMSachs/60s70sENville/web.config,271,1f31d99e720946c2d8ef99961196b24211d6df3b,.config
docs/TDMSachs/60s70sFRscenario/README.txt,1045,ec437d5a73eb9b66057e8011889a06f3f2eceb51,.txt
docs/TDMSachs/60s70sFRscenario/config.json,1833,862cf65ac857e30689a0280fa75c399d1bb3333b,.json
docs/TDMSachs/60s70sFRscenario/css/style.css,8619,1b8d36e555b4989b87b7d1c5178638137baa9bb9,.css
docs/TDMSachs/60s70sFRscenario/css/tablet.css,38,264eac649900d6a34474d37883019113a1465c67,.css
docs/TDMSachs/60s70sFRscenario/data.json,57300,f8f6acca2581fcd582bcbba142336edbc6c55ff1,.json
docs/TDMSachs/60s70sFRscenario/htaccess_example,52,ecbbf85dd9677114d98522c5c0f28f864692f25b,
docs/TDMSachs/60s70sFRscenario/images/CC.png,2053,cb018a9a9640234d8b2b0bc1c1c9717253bfa32c,.png
docs/TDMSachs/60s70sFRscenario/images/blank.gif,43,2daeaa8b5f19f0bc209d976c02bd6acb51b00b0a,.gif
docs/TDMSachs/60s70sFRscenario/images/fancybox_loading.gif,3866,48673ea547f521de42a1a2057df6939cafda7ae5,.gif
docs/TDMSachs/60s70sFRscenario/images/fancybox_sprite.png,2277,0e3d508543da1e3927cc1c497dc8f336e897981c,.png
docs/TDMSachs/60s70sFRscenario/images/info.png,407,4b588eb28c977c40dd4ac290aefba963be5014d2,.png
docs/TDMSachs/60s70sFRscenario/images/jisc-logo-small.png,6489,7a522fe05f07c588e43231b593c553ee429d6f17,.png
docs/TDMSachs/60s70sFRscenario/images/oii.png,12668,263a1fc9d14059f0c9d838eefa2c1a97b4c6c07e,.png
docs/TDMSachs/60s70sFRscenario/images/oii_brand.png,2172,755aec59eef8da3e6612a972e0f296876a9960c7,.png
docs/TDMSachs/60s70sFRscenario/images/oii_text.png,19778,47dea668aa7f0e7149d6cb0427b8569361cc1139,.png
docs/TDMSachs/60s70sFRscenario/images/rainbow.png,1708,e6251917d5e4f692cc0410dd2107f35c77ba6605,.png
docs/TDMSachs/60s70sFRscenario/images/sprite.png,5870,9f5e2855efa641bf27c6c591f3a2ccbf066f7228,.png
docs/TDMSachs/60s70sFRscenario/images/zoom_in.png,4433,c48f3a64ef092141d355a144e7dffc377bce4b61,.png
docs/TDMSachs/60s70sFRscenario/images/zoom_out.png,4309,e583db8965e31655c4da0fb3df23359f7396fe48,.png
docs/TDMSachs/60s70sFRscenario/images/zoom_reset.png,4211,d6c85396fe4209636d71e35609c8c2ccaa8e775a,.png
docs/TDMSachs/60s70sFRscenario/index.html,4033,00042d7da8a5bf4b03ae6ad6175e39d6f95bde01,.html
docs/TDMSachs/60s70sFRscenario/js/excanvas.js,17519,550e23b34737b5d4ef1cc8f82f9d24b19b6f3ea8,.js
docs/TDMSachs/60s70sFRscenario/js/fancybox/jquery.fancybox.css,3921,336e35d431a5fc9694daf7c0eddf9b6982de9222,.css
docs/TDMSachs/60s70sFRscenario/js/fancybox/jquery.fancybox.pack.js,17638,915955b4aa04c00f818fd09ae143f3845dd2fa14,.js
docs/TDMSachs/60s70sFRscenario/js/jquery/jquery.min.js,94840,abcd2ba13348f178b17141b445bc99f1917d47af,.js
docs/TDMSachs/60s70sFRscenario/js/main.js,19089,d0dec711417635fc065702186f72b6e8ffcedf71,.js
docs/TDMSachs/60s70sFRscenario/js/sigma/_sigma.min.js,31443,bd0ca324b5873e4c065036c1fa03a3c86778eead,.js
docs/TDMSachs/60s70sFRscenario/js/sigma/parseGexf_fin.js,6393,496b6fa2fe97dc17eea5d8f925a802f3ab72cc29,.js
docs/TDMSachs/60s70sFRscenario/js/sigma/sigma.js,54698,8e1bb03e472de4d1fc9cf510925c8fa4f3abf066,.js
docs/TDMSachs/60s70sFRscenario/js/sigma/sigma.min.js,31443,bd0ca324b5873e4c065036c1fa03a3c86778eead,.js
docs/TDMSachs/60s70sFRscenario/js/sigma/sigma.parseGexf.js,6344,95af76bcb0c3e8ff95041ed96ffdab2e7c8293a7,.js
docs/TDMSachs/60s70sFRscenario/js/sigma/sigma.parseJson.js,883,adf3fa4622dc85dbdec7f8b399621add99f251fd,.js
docs/TDMSachs/60s70sFRscenario/web.config,271,1f31d99e720946c2d8ef99961196b24211d6df3b,.config
docs/TDMSachs/60s70sFRville/README.txt,1045,ec437d5a73eb9b66057e8011889a06f3f2eceb51,.txt
docs/TDMSachs/60s70sFRville/config.json,1417,9acddbc4e4f5ef115fc58446748cb4dd46ac446c,.json
docs/TDMSachs/60s70sFRville/css/style.css,8619,1b8d36e555b4989b87b7d1c5178638137baa9bb9,.css
docs/TDMSachs/60s70sFRville/css/tablet.css,38,264eac649900d6a34474d37883019113a1465c67,.css
docs/TDMSachs/60s70sFRville/data.json,141493,1ce35053ee8aed1bf4ba0db8014cc3c3d2aec251,.json
docs/TDMSachs/60s70sFRville/htaccess_example,52,ecbbf85dd9677114d98522c5c0f28f864692f25b,
docs/TDMSachs/60s70sFRville/images/CC.png,2053,cb018a9a9640234d8b2b0bc1c1c9717253bfa32c,.png
docs/TDMSachs/60s70sFRville/images/blank.gif,43,2daeaa8b5f19f0bc209d976c02bd6acb51b00b0a,.gif
docs/TDMSachs/60s70sFRville/images/fancybox_loading.gif,3866,48673ea547f521de42a1a2057df6939cafda7ae5,.gif
docs/TDMSachs/60s70sFRville/images/fancybox_sprite.png,2277,0e3d508543da1e3927cc1c497dc8f336e897981c,.png
docs/TDMSachs/60s70sFRville/images/info.png,407,4b588eb28c977c40dd4ac290aefba963be5014d2,.png
docs/TDMSachs/60s70sFRville/images/jisc-logo-small.png,6489,7a522fe05f07c588e43231b593c553ee429d6f17,.png
docs/TDMSachs/60s70sFRville/images/oii.png,12668,263a1fc9d14059f0c9d838eefa2c1a97b4c6c07e,.png
docs/TDMSachs/60s70sFRville/images/oii_brand.png,2172,755aec59eef8da3e6612a972e0f296876a9960c7,.png
docs/TDMSachs/60s70sFRville/images/oii_text.png,19778,47dea668aa7f0e7149d6cb0427b8569361cc1139,.png
docs/TDMSachs/60s70sFRville/images/rainbow.png,1708,e6251917d5e4f692cc0410dd2107f35c77ba6605,.png
docs/TDMSachs/60s70sFRville/images/sprite.png,5870,9f5e2855efa641bf27c6c591f3a2ccbf066f7228,.png
docs/TDMSachs/60s70sFRville/images/zoom_in.png,4433,c48f3a64ef092141d355a144e7dffc377bce4b61,.png
docs/TDMSachs/60s70sFRville/images/zoom_out.png,4309,e583db8965e31655c4da0fb3df23359f7396fe48,.png
docs/TDMSachs/60s70sFRville/images/zoom_reset.png,4211,d6c85396fe4209636d71e35609c8c2ccaa8e775a,.png
docs/TDMSachs/60s70sFRville/index.html,4033,00042d7da8a5bf4b03ae6ad6175e39d6f95bde01,.html
docs/TDMSachs/60s70sFRville/js/excanvas.js,17519,550e23b34737b5d4ef1cc8f82f9d24b19b6f3ea8,.js
docs/TDMSachs/60s70sFRville/js/fancybox/jquery.fancybox.css,3921,336e35d431a5fc9694daf7c0eddf9b6982de9222,.css
docs/TDMSachs/60s70sFRville/js/fancybox/jquery.fancybox.pack.js,17638,915955b4aa04c00f818fd09ae143f3845dd2fa14,.js
docs/TDMSachs/60s70sFRville/js/jquery/jquery.min.js,94840,abcd2ba13348f178b17141b445bc99f1917d47af,.js
docs/TDMSachs/60s70sFRville/js/main.js,19089,d0dec711417635fc065702186f72b6e8ffcedf71,.js
docs/TDMSachs/60s70sFRville/js/sigma/_sigma.min.js,31443,bd0ca324b5873e4c065036c1fa03a3c86778eead,.js
docs/TDMSachs/60s70sFRville/js/sigma/parseGexf_fin.js,6393,496b6fa2fe97dc17eea5d8f925a802f3ab72cc29,.js
docs/TDMSachs/60s70sFRville/js/sigma/sigma.js,54698,8e1bb03e472de4d1fc9cf510925c8fa4f3abf066,.js
docs/TDMSachs/60s70sFRville/js/sigma/sigma.min.js,31443,bd0ca324b5873e4c065036c1fa03a3c86778eead,.js
docs/TDMSachs/60s70sFRville/js/sigma/sigma.parseGexf.js,6344,95af76bcb0c3e8ff95041ed96ffdab2e7c8293a7,.js
docs/TDMSachs/60s70sFRville/js/sigma/sigma.parseJson.js,917,d7fa52062d709eb140056ba6e6b3e0fae64fd69f,.js
docs/TDMSachs/60s70sFRville/web.config,271,1f31d99e720946c2d8ef99961196b24211d6df3b,.config
docs/TDMSachs/80sENscenario/README.txt,1045,ec437d5a73eb9b66057e8011889a06f3f2eceb51,.txt
docs/TDMSachs/80sENscenario/config.json,1830,b74def1c9f459a2405e626a4fb10e8896de031b9,.json
docs/TDMSachs/80sENscenario/css/style.css,8619,1b8d36e555b4989b87b7d1c5178638137baa9bb9,.css
docs/TDMSachs/80sENscenario/css/tablet.css,38,264eac649900d6a34474d37883019113a1465c67,.css
docs/TDMSachs/80sENscenario/data.json,14688,465b20dffb1b9e5ccf799fa3afbf1cab597cdc5e,.json
docs/TDMSachs/80sENscenario/htaccess_example,52,ecbbf85dd9677114d98522c5c0f28f864692f25b,
docs/TDMSachs/80sENscenario/images/CC.png,2053,cb018a9a9640234d8b2b0bc1c1c9717253bfa32c,.png
docs/TDMSachs/80sENscenario/images/blank.gif,43,2daeaa8b5f19f0bc209d976c02bd6acb51b00b0a,.gif
docs/TDMSachs/80sENscenario/images/fancybox_loading.gif,3866,48673ea547f521de42a1a2057df6939cafda7ae5,.gif
docs/TDMSachs/80sENscenario/images/fancybox_sprite.png,2277,0e3d508543da1e3927cc1c497dc8f336e897981c,.png
docs/TDMSachs/80sENscenario/images/info.png,407,4b588eb28c977c40dd4ac290aefba963be5014d2,.png
docs/TDMSachs/80sENscenario/images/jisc-logo-small.png,6489,7a522fe05f07c588e43231b593c553ee429d6f17,.png
docs/TDMSachs/80sENscenario/images/oii.png,12668,263a1fc9d14059f0c9d838eefa2c1a97b4c6c07e,.png
docs/TDMSachs/80sENscenario/images/oii_brand.png,2172,755aec59eef8da3e6612a972e0f296876a9960c7,.png
docs/TDMSachs/80sENscenario/images/oii_text.png,19778,47dea668aa7f0e7149d6cb0427b8569361cc1139,.png
docs/TDMSachs/80sENscenario/images/rainbow.png,1708,e6251917d5e4f692cc0410dd2107f35c77ba6605,.png
docs/TDMSachs/80sENscenario/images/sprite.png,5870,9f5e2855efa641bf27c6c591f3a2ccbf066f7228,.png
docs/TDMSachs/80sENscenario/images/zoom_in.png,4433,c48f3a64ef092141d355a144e7dffc377bce4b61,.png
docs/TDMSachs/80sENscenario/images/zoom_out.png,4309,e583db8965e31655c4da0fb3df23359f7396fe48,.png
docs/TDMSachs/80sENscenario/images/zoom_reset.png,4211,d6c85396fe4209636d71e35609c8c2ccaa8e775a,.png
docs/TDMSachs/80sENscenario/index.html,4033,00042d7da8a5bf4b03ae6ad6175e39d6f95bde01,.html
docs/TDMSachs/80sENscenario/js/excanvas.js,17519,550e23b34737b5d4ef1cc8f82f9d24b19b6f3ea8,.js
docs/TDMSachs/80sENscenario/js/fancybox/jquery.fancybox.css,3921,336e35d431a5fc9694daf7c0eddf9b6982de9222,.css
docs/TDMSachs/80sENscenario/js/fancybox/jquery.fancybox.pack.js,17638,915955b4aa04c00f818fd09ae143f3845dd2fa14,.js
docs/TDMSachs/80sENscenario/js/jquery/jquery.min.js,94840,abcd2ba13348f178b17141b445bc99f1917d47af,.js
docs/TDMSachs/80sENscenario/js/main.js,19089,d0dec711417635fc065702186f72b6e8ffcedf71,.js
docs/TDMSachs/80sENscenario/js/sigma/_sigma.min.js,31443,bd0ca324b5873e4c065036c1fa03a3c86778eead,.js
docs/TDMSachs/80sENscenario/js/sigma/parseGexf_fin.js,6393,496b6fa2fe97dc17eea5d8f925a802f3ab72cc29,.js
docs/TDMSachs/80sENscenario/js/sigma/sigma.js,54698,8e1bb03e472de4d1fc9cf510925c8fa4f3abf066,.js
docs/TDMSachs/80sENscenario/js/sigma/sigma.min.js,31443,bd0ca324b5873e4c065036c1fa03a3c86778eead,.js
docs/TDMSachs/80sENscenario/js/sigma/sigma.parseGexf.js,6344,95af76bcb0c3e8ff95041ed96ffdab2e7c8293a7,.js
docs/TDMSachs/80sENscenario/js/sigma/sigma.parseJson.js,917,d7fa52062d709eb140056ba6e6b3e0fae64fd69f,.js
docs/TDMSachs/80sENscenario/web.config,271,1f31d99e720946c2d8ef99961196b24211d6df3b,.config
docs/TDMSachs/80sENville/README.txt,1045,ec437d5a73eb9b66057e8011889a06f3f2eceb51,.txt
docs/TDMSachs/80sENville/config.json,1833,3627f2eaf589e28fa0eef690a69c9170adea5f4d,.json
docs/TDMSachs/80sENville/css/style.css,8619,1b8d36e555b4989b87b7d1c5178638137baa9bb9,.css
docs/TDMSachs/80sENville/css/tablet.css,38,264eac649900d6a34474d37883019113a1465c67,.css
docs/TDMSachs/80sENville/data.json,135247,b761e7b87166a5b2898495110764b11bd3b5e4a5,.json
docs/TDMSachs/80sENville/htaccess_example,52,ecbbf85dd9677114d98522c5c0f28f864692f25b,
docs/TDMSachs/80sENville/images/CC.png,2053,cb018a9a9640234d8b2b0bc1c1c9717253bfa32c,.png
docs/TDMSachs/80sENville/images/blank.gif,43,2daeaa8b5f19f0bc209d976c02bd6acb51b00b0a,.gif
docs/TDMSachs/80sENville/images/fancybox_loading.gif,3866,48673ea547f521de42a1a2057df6939cafda7ae5,.gif
docs/TDMSachs/80sENville/images/fancybox_sprite.png,2277,0e3d508543da1e3927cc1c497dc8f336e897981c,.png
docs/TDMSachs/80sENville/images/info.png,407,4b588eb28c977c40dd4ac290aefba963be5014d2,.png
docs/TDMSachs/80sENville/images/jisc-logo-small.png,6489,7a522fe05f07c588e43231b593c553ee429d6f17,.png
docs/TDMSachs/80sENville/images/oii.png,12668,263a1fc9d14059f0c9d838eefa2c1a97b4c6c07e,.png
docs/TDMSachs/80sENville/images/oii_brand.png,2172,755aec59eef8da3e6612a972e0f296876a9960c7,.png
docs/TDMSachs/80sENville/images/oii_text.png,19778,47dea668aa7f0e7149d6cb0427b8569361cc1139,.png
docs/TDMSachs/80sENville/images/rainbow.png,1708,e6251917d5e4f692cc0410dd2107f35c77ba6605,.png
docs/TDMSachs/80sENville/images/sprite.png,5870,9f5e2855efa641bf27c6c591f3a2ccbf066f7228,.png
docs/TDMSachs/80sENville/images/zoom_in.png,4433,c48f3a64ef092141d355a144e7dffc377bce4b61,.png
docs/TDMSachs/80sENville/images/zoom_out.png,4309,e583db8965e31655c4da0fb3df23359f7396fe48,.png
docs/TDMSachs/80sENville/images/zoom_reset.png,4211,d6c85396fe4209636d71e35609c8c2ccaa8e775a,.png
docs/TDMSachs/80sENville/index.html,4033,00042d7da8a5bf4b03ae6ad6175e39d6f95bde01,.html
docs/TDMSachs/80sENville/js/excanvas.js,17519,550e23b34737b5d4ef1cc8f82f9d24b19b6f3ea8,.js
docs/TDMSachs/80sENville/js/fancybox/jquery.fancybox.css,3921,336e35d431a5fc9694daf7c0eddf9b6982de9222,.css
docs/TDMSachs/80sENville/js/fancybox/jquery.fancybox.pack.js,17638,915955b4aa04c00f818fd09ae143f3845dd2fa14,.js
docs/TDMSachs/80sENville/js/jquery/jquery.min.js,94840,abcd2ba13348f178b17141b445bc99f1917d47af,.js
docs/TDMSachs/80sENville/js/main.js,19089,d0dec711417635fc065702186f72b6e8ffcedf71,.js
docs/TDMSachs/80sENville/js/sigma/_sigma.min.js,31443,bd0ca324b5873e4c065036c1fa03a3c86778eead,.js
docs/TDMSachs/80sENville/js/sigma/parseGexf_fin.js,6393,496b6fa2fe97dc17eea5d8f925a802f3ab72cc29,.js
docs/TDMSachs/80sENville/js/sigma/sigma.js,54698,8e1bb03e472de4d1fc9cf510925c8fa4f3abf066,.js
docs/TDMSachs/80sENville/js/sigma/sigma.min.js,31443,bd0ca324b5873e4c065036c1fa03a3c86778eead,.js
docs/TDMSachs/80sENville/js/sigma/sigma.parseGexf.js,6344,95af76bcb0c3e8ff95041ed96ffdab2e7c8293a7,.js
docs/TDMSachs/80sENville/js/sigma/sigma.parseJson.js,917,d7fa52062d709eb140056ba6e6b3e0fae64fd69f,.js
docs/TDMSachs/80sENville/web.config,271,1f31d99e720946c2d8ef99961196b24211d6df3b,.config
docs/TDMSachs/80sFRscenario/README.txt,1045,ec437d5a73eb9b66057e8011889a06f3f2eceb51,.txt
docs/TDMSachs/80sFRscenario/config.json,1830,d838b932046ebccef808384db8df64b3ff07fcce,.json
docs/TDMSachs/80sFRscenario/css/style.css,8619,1b8d36e555b4989b87b7d1c5178638137baa9bb9,.css
docs/TDMSachs/80sFRscenario/css/tablet.css,38,264eac649900d6a34474d37883019113a1465c67,.css
docs/TDMSachs/80sFRscenario/data.json,64884,06e909356d6e8ade2613d1a66cb3008cdd6da909,.json
docs/TDMSachs/80sFRscenario/htaccess_example,52,ecbbf85dd9677114d98522c5c0f28f864692f25b,
docs/TDMSachs/80sFRscenario/images/CC.png,2053,cb018a9a9640234d8b2b0bc1c1c9717253bfa32c,.png
docs/TDMSachs/80sFRscenario/images/blank.gif,43,2daeaa8b5f19f0bc209d976c02bd6acb51b00b0a,.gif
docs/TDMSachs/80sFRscenario/images/fancybox_loading.gif,3866,48673ea547f521de42a1a2057df6939cafda7ae5,.gif
docs/TDMSachs/80sFRscenario/images/fancybox_sprite.png,2277,0e3d508543da1e3927cc1c497dc8f336e897981c,.png
docs/TDMSachs/80sFRscenario/images/info.png,407,4b588eb28c977c40dd4ac290aefba963be5014d2,.png
docs/TDMSachs/80sFRscenario/images/jisc-logo-small.png,6489,7a522fe05f07c588e43231b593c553ee429d6f17,.png
docs/TDMSachs/80sFRscenario/images/oii.png,12668,263a1fc9d14059f0c9d838eefa2c1a97b4c6c07e,.png
docs/TDMSachs/80sFRscenario/images/oii_brand.png,2172,755aec59eef8da3e6612a972e0f296876a9960c7,.png
docs/TDMSachs/80sFRscenario/images/oii_text.png,19778,47dea668aa7f0e7149d6cb0427b8569361cc1139,.png
docs/TDMSachs/80sFRscenario/images/rainbow.png,1708,e6251917d5e4f692cc0410dd2107f35c77ba6605,.png
docs/TDMSachs/80sFRscenario/images/sprite.png,5870,9f5e2855efa641bf27c6c591f3a2ccbf066f7228,.png
docs/TDMSachs/80sFRscenario/images/zoom_in.png,4433,c48f3a64ef092141d355a144e7dffc377bce4b61,.png
docs/TDMSachs/80sFRscenario/images/zoom_out.png,4309,e583db8965e31655c4da0fb3df23359f7396fe48,.png
docs/TDMSachs/80sFRscenario/images/zoom_reset.png,4211,d6c85396fe4209636d71e35609c8c2ccaa8e775a,.png
docs/TDMSachs/80sFRscenario/index.html,4033,00042d7da8a5bf4b03ae6ad6175e39d6f95bde01,.html
docs/TDMSachs/80sFRscenario/js/excanvas.js,17519,550e23b34737b5d4ef1cc8f82f9d24b19b6f3ea8,.js
docs/TDMSachs/80sFRscenario/js/fancybox/jquery.fancybox.css,3921,336e35d431a5fc9694daf7c0eddf9b6982de9222,.css
docs/TDMSachs/80sFRscenario/js/fancybox/jquery.fancybox.pack.js,17638,915955b4aa04c00f818fd09ae143f3845dd2fa14,.js
docs/TDMSachs/80sFRscenario/js/jquery/jquery.min.js,94840,abcd2ba13348f178b17141b445bc99f1917d47af,.js
docs/TDMSachs/80sFRscenario/js/main.js,19089,d0dec711417635fc065702186f72b6e8ffcedf71,.js
docs/TDMSachs/80sFRscenario/js/sigma/_sigma.min.js,31443,bd0ca324b5873e4c065036c1fa03a3c86778eead,.js
docs/TDMSachs/80sFRscenario/js/sigma/parseGexf_fin.js,6393,496b6fa2fe97dc17eea5d8f925a802f3ab72cc29,.js
docs/TDMSachs/80sFRscenario/js/sigma/sigma.js,54698,8e1bb03e472de4d1fc9cf510925c8fa4f3abf066,.js
docs/TDMSachs/80sFRscenario/js/sigma/sigma.min.js,31443,bd0ca324b5873e4c065036c1fa03a3c86778eead,.js
docs/TDMSachs/80sFRscenario/js/sigma/sigma.parseGexf.js,6344,95af76bcb0c3e8ff95041ed96ffdab2e7c8293a7,.js
docs/TDMSachs/80sFRscenario/js/sigma/sigma.parseJson.js,883,adf3fa4622dc85dbdec7f8b399621add99f251fd,.js
docs/TDMSachs/80sFRscenario/web.config,271,1f31d99e720946c2d8ef99961196b24211d6df3b,.config
docs/TDMSachs/80sFRville/README.txt,1045,ec437d5a73eb9b66057e8011889a06f3f2eceb51,.txt
docs/TDMSachs/80sFRville/config.json,1414,864e8533c1351e2b9f5967a4bd8b3dcdd52e8857,.json
docs/TDMSachs/80sFRville/css/style.css,8619,1b8d36e555b4989b87b7d1c5178638137baa9bb9,.css
docs/TDMSachs/80sFRville/css/tablet.css,38,264eac649900d6a34474d37883019113a1465c67,.css
docs/TDMSachs/80sFRville/data.json,172824,d70859bcf30a4ec7516d89cd9c1fdb22f695e8a2,.json
docs/TDMSachs/80sFRville/htaccess_example,52,ecbbf85dd9677114d98522c5c0f28f864692f25b,
docs/TDMSachs/80sFRville/images/CC.png,2053,cb018a9a9640234d8b2b0bc1c1c9717253bfa32c,.png
docs/TDMSachs/80sFRville/images/blank.gif,43,2daeaa8b5f19f0bc209d976c02bd6acb51b00b0a,.gif
docs/TDMSachs/80sFRville/images/fancybox_loading.gif,3866,48673ea547f521de42a1a2057df6939cafda7ae5,.gif
docs/TDMSachs/80sFRville/images/fancybox_sprite.png,2277,0e3d508543da1e3927cc1c497dc8f336e897981c,.png
docs/TDMSachs/80sFRville/images/info.png,407,4b588eb28c977c40dd4ac290aefba963be5014d2,.png
docs/TDMSachs/80sFRville/images/jisc-logo-small.png,6489,7a522fe05f07c588e43231b593c553ee429d6f17,.png
docs/TDMSachs/80sFRville/images/oii.png,12668,263a1fc9d14059f0c9d838eefa2c1a97b4c6c07e,.png
docs/TDMSachs/80sFRville/images/oii_brand.png,2172,755aec59eef8da3e6612a972e0f296876a9960c7,.png
docs/TDMSachs/80sFRville/images/oii_text.png,19778,47dea668aa7f0e7149d6cb0427b8569361cc1139,.png
docs/TDMSachs/80sFRville/images/rainbow.png,1708,e6251917d5e4f692cc0410dd2107f35c77ba6605,.png
docs/TDMSachs/80sFRville/images/sprite.png,5870,9f5e2855efa641bf27c6c591f3a2ccbf066f7228,.png
docs/TDMSachs/80sFRville/images/zoom_in.png,4433,c48f3a64ef092141d355a144e7dffc377bce4b61,.png
docs/TDMSachs/80sFRville/images/zoom_out.png,4309,e583db8965e31655c4da0fb3df23359f7396fe48,.png
docs/TDMSachs/80sFRville/images/zoom_reset.png,4211,d6c85396fe4209636d71e35609c8c2ccaa8e775a,.png
docs/TDMSachs/80sFRville/index.html,4033,00042d7da8a5bf4b03ae6ad6175e39d6f95bde01,.html
docs/TDMSachs/80sFRville/js/excanvas.js,17519,550e23b34737b5d4ef1cc8f82f9d24b19b6f3ea8,.js
docs/TDMSachs/80sFRville/js/fancybox/jquery.fancybox.css,3921,336e35d431a5fc9694daf7c0eddf9b6982de9222,.css
docs/TDMSachs/80sFRville/js/fancybox/jquery.fancybox.pack.js,17638,915955b4aa04c00f818fd09ae143f3845dd2fa14,.js
docs/TDMSachs/80sFRville/js/jquery/jquery.min.js,94840,abcd2ba13348f178b17141b445bc99f1917d47af,.js
docs/TDMSachs/80sFRville/js/main.js,19089,d0dec711417635fc065702186f72b6e8ffcedf71,.js
docs/TDMSachs/80sFRville/js/sigma/_sigma.min.js,31443,bd0ca324b5873e4c065036c1fa03a3c86778eead,.js
docs/TDMSachs/80sFRville/js/sigma/parseGexf_fin.js,6393,496b6fa2fe97dc17eea5d8f925a802f3ab72cc29,.js
docs/TDMSachs/80sFRville/js/sigma/sigma.js,54698,8e1bb03e472de4d1fc9cf510925c8fa4f3abf066,.js
docs/TDMSachs/80sFRville/js/sigma/sigma.min.js,31443,bd0ca324b5873e4c065036c1fa03a3c86778eead,.js
docs/TDMSachs/80sFRville/js/sigma/sigma.parseGexf.js,6344,95af76bcb0c3e8ff95041ed96ffdab2e7c8293a7,.js
docs/TDMSachs/80sFRville/js/sigma/sigma.parseJson.js,917,d7fa52062d709eb140056ba6e6b3e0fae64fd69f,.js
docs/TDMSachs/80sFRville/web.config,271,1f31d99e720946c2d8ef99961196b24211d6df3b,.config
docs/TDMSachs/90s00sFRscenario/README.txt,1045,ec437d5a73eb9b66057e8011889a06f3f2eceb51,.txt
docs/TDMSachs/90s00sFRscenario/config.json,1833,35ea66d9c4c0881126121ee1f73749ffe875f650,.json
docs/TDMSachs/90s00sFRscenario/css/style.css,8619,1b8d36e555b4989b87b7d1c5178638137baa9bb9,.css
docs/TDMSachs/90s00sFRscenario/css/tablet.css,38,264eac649900d6a34474d37883019113a1465c67,.css
docs/TDMSachs/90s00sFRscenario/data.json,54508,3d1558d97edc7a204d26dbe0d977c68b51b42814,.json
docs/TDMSachs/90s00sFRscenario/htaccess_example,52,ecbbf85dd9677114d98522c5c0f28f864692f25b,
docs/TDMSachs/90s00sFRscenario/images/CC.png,2053,cb018a9a9640234d8b2b0bc1c1c9717253bfa32c,.png
docs/TDMSachs/90s00sFRscenario/images/blank.gif,43,2daeaa8b5f19f0bc209d976c02bd6acb51b00b0a,.gif
docs/TDMSachs/90s00sFRscenario/images/fancybox_loading.gif,3866,48673ea547f521de42a1a2057df6939cafda7ae5,.gif
docs/TDMSachs/90s00sFRscenario/images/fancybox_sprite.png,2277,0e3d508543da1e3927cc1c497dc8f336e897981c,.png
docs/TDMSachs/90s00sFRscenario/images/info.png,407,4b588eb28c977c40dd4ac290aefba963be5014d2,.png
docs/TDMSachs/90s00sFRscenario/images/jisc-logo-small.png,6489,7a522fe05f07c588e43231b593c553ee429d6f17,.png
docs/TDMSachs/90s00sFRscenario/images/oii.png,12668,263a1fc9d14059f0c9d838eefa2c1a97b4c6c07e,.png
docs/TDMSachs/90s00sFRscenario/images/oii_brand.png,2172,755aec59eef8da3e6612a972e0f296876a9960c7,.png
docs/TDMSachs/90s00sFRscenario/images/oii_text.png,19778,47dea668aa7f0e7149d6cb0427b8569361cc1139,.png
docs/TDMSachs/90s00sFRscenario/images/rainbow.png,1708,e6251917d5e4f692cc0410dd2107f35c77ba6605,.png
docs/TDMSachs/90s00sFRscenario/images/sprite.png,5870,9f5e2855efa641bf27c6c591f3a2ccbf066f7228,.png
docs/TDMSachs/90s00sFRscenario/images/zoom_in.png,4433,c48f3a64ef092141d355a144e7dffc377bce4b61,.png
docs/TDMSachs/90s00sFRscenario/images/zoom_out.png,4309,e583db8965e31655c4da0fb3df23359f7396fe48,.png
docs/TDMSachs/90s00sFRscenario/images/zoom_reset.png,4211,d6c85396fe4209636d71e35609c8c2ccaa8e775a,.png
docs/TDMSachs/90s00sFRscenario/index.html,4033,00042d7da8a5bf4b03ae6ad6175e39d6f95bde01,.html
docs/TDMSachs/90s00sFRscenario/js/excanvas.js,17519,550e23b34737b5d4ef1cc8f82f9d24b19b6f3ea8,.js
docs/TDMSachs/90s00sFRscenario/js/fancybox/jquery.fancybox.css,3921,336e35d431a5fc9694daf7c0eddf9b6982de9222,.css
docs/TDMSachs/90s00sFRscenario/js/fancybox/jquery.fancybox.pack.js,17638,915955b4aa04c00f818fd09ae143f3845dd2fa14,.js
docs/TDMSachs/90s00sFRscenario/js/jquery/jquery.min.js,94840,abcd2ba13348f178b17141b445bc99f1917d47af,.js
docs/TDMSachs/90s00sFRscenario/js/main.js,19089,d0dec711417635fc065702186f72b6e8ffcedf71,.js
docs/TDMSachs/90s00sFRscenario/js/sigma/_sigma.min.js,31443,bd0ca324b5873e4c065036c1fa03a3c86778eead,.js
docs/TDMSachs/90s00sFRscenario/js/sigma/parseGexf_fin.js,6393,496b6fa2fe97dc17eea5d8f925a802f3ab72cc29,.js
docs/TDMSachs/90s00sFRscenario/js/sigma/sigma.js,54698,8e1bb03e472de4d1fc9cf510925c8fa4f3abf066,.js
docs/TDMSachs/90s00sFRscenario/js/sigma/sigma.min.js,31443,bd0ca324b5873e4c065036c1fa03a3c86778eead,.js
docs/TDMSachs/90s00sFRscenario/js/sigma/sigma.parseGexf.js,6344,95af76bcb0c3e8ff95041ed96ffdab2e7c8293a7,.js
docs/TDMSachs/90s00sFRscenario/js/sigma/sigma.parseJson.js,883,adf3fa4622dc85dbdec7f8b399621add99f251fd,.js
docs/TDMSachs/90s00sFRscenario/web.config,271,1f31d99e720946c2d8ef99961196b24211d6df3b,.config
docs/TDMSachs/90s00sFRville/README.txt,1045,ec437d5a73eb9b66057e8011889a06f3f2eceb51,.txt
docs/TDMSachs/90s00sFRville/config.json,1417,972dd8b86b519465ad4e8baf011ff8a1a5d46e38,.json
docs/TDMSachs/90s00sFRville/css/style.css,8619,1b8d36e555b4989b87b7d1c5178638137baa9bb9,.css
docs/TDMSachs/90s00sFRville/css/tablet.css,38,264eac649900d6a34474d37883019113a1465c67,.css
docs/TDMSachs/90s00sFRville/data.json,151581,8911367ea478d7d4f2cc4d3cb91f453e32d770d0,.json
docs/TDMSachs/90s00sFRville/htaccess_example,52,ecbbf85dd9677114d98522c5c0f28f864692f25b,
docs/TDMSachs/90s00sFRville/images/CC.png,2053,cb018a9a9640234d8b2b0bc1c1c9717253bfa32c,.png
docs/TDMSachs/90s00sFRville/images/blank.gif,43,2daeaa8b5f19f0bc209d976c02bd6acb51b00b0a,.gif
docs/TDMSachs/90s00sFRville/images/fancybox_loading.gif,3866,48673ea547f521de42a1a2057df6939cafda7ae5,.gif
docs/TDMSachs/90s00sFRville/images/fancybox_sprite.png,2277,0e3d508543da1e3927cc1c497dc8f336e897981c,.png
docs/TDMSachs/90s00sFRville/images/info.png,407,4b588eb28c977c40dd4ac290aefba963be5014d2,.png
docs/TDMSachs/90s00sFRville/images/jisc-logo-small.png,6489,7a522fe05f07c588e43231b593c553ee429d6f17,.png
docs/TDMSachs/90s00sFRville/images/oii.png,12668,263a1fc9d14059f0c9d838eefa2c1a97b4c6c07e,.png
docs/TDMSachs/90s00sFRville/images/oii_brand.png,2172,755aec59eef8da3e6612a972e0f296876a9960c7,.png
docs/TDMSachs/90s00sFRville/images/oii_text.png,19778,47dea668aa7f0e7149d6cb0427b8569361cc1139,.png
docs/TDMSachs/90s00sFRville/images/rainbow.png,1708,e6251917d5e4f692cc0410dd2107f35c77ba6605,.png
docs/TDMSachs/90s00sFRville/images/sprite.png,5870,9f5e2855efa641bf27c6c591f3a2ccbf066f7228,.png
docs/TDMSachs/90s00sFRville/images/zoom_in.png,4433,c48f3a64ef092141d355a144e7dffc377bce4b61,.png
docs/TDMSachs/90s00sFRville/images/zoom_out.png,4309,e583db8965e31655c4da0fb3df23359f7396fe48,.png
docs/TDMSachs/90s00sFRville/images/zoom_reset.png,4211,d6c85396fe4209636d71e35609c8c2ccaa8e775a,.png
docs/TDMSachs/90s00sFRville/index.html,4033,00042d7da8a5bf4b03ae6ad6175e39d6f95bde01,.html
docs/TDMSachs/90s00sFRville/js/excanvas.js,17519,550e23b34737b5d4ef1cc8f82f9d24b19b6f3ea8,.js
docs/TDMSachs/90s00sFRville/js/fancybox/jquery.fancybox.css,3921,336e35d431a5fc9694daf7c0eddf9b6982de9222,.css
docs/TDMSachs/90s00sFRville/js/fancybox/jquery.fancybox.pack.js,17638,915955b4aa04c00f818fd09ae143f3845dd2fa14,.js
docs/TDMSachs/90s00sFRville/js/jquery/jquery.min.js,94840,abcd2ba13348f178b17141b445bc99f1917d47af,.js
docs/TDMSachs/90s00sFRville/js/main.js,19089,d0dec711417635fc065702186f72b6e8ffcedf71,.js
docs/TDMSachs/90s00sFRville/js/sigma/_sigma.min.js,31443,bd0ca324b5873e4c065036c1fa03a3c86778eead,.js
docs/TDMSachs/90s00sFRville/js/sigma/parseGexf_fin.js,6393,496b6fa2fe97dc17eea5d8f925a802f3ab72cc29,.js
docs/TDMSachs/90s00sFRville/js/sigma/sigma.js,54698,8e1bb03e472de4d1fc9cf510925c8fa4f3abf066,.js
docs/TDMSachs/90s00sFRville/js/sigma/sigma.min.js,31443,bd0ca324b5873e4c065036c1fa03a3c86778eead,.js
docs/TDMSachs/90s00sFRville/js/sigma/sigma.parseGexf.js,6344,95af76bcb0c3e8ff95041ed96ffdab2e7c8293a7,.js
docs/TDMSachs/90s00sFRville/js/sigma/sigma.parseJson.js,917,d7fa52062d709eb140056ba6e6b3e0fae64fd69f,.js
docs/TDMSachs/90s00sFRville/web.config,271,1f31d99e720946c2d8ef99961196b24211d6df3b,.config
docs/TDMSachs/Leesu_sans_HMCO_ENG/README.txt,1045,ec437d5a73eb9b66057e8011889a06f3f2eceb51,.txt
docs/TDMSachs/Leesu_sans_HMCO_ENG/config.json,1383,f64c4785191f95c959c3b5be0dabd687ac52c10f,.json
docs/TDMSachs/Leesu_sans_HMCO_ENG/css/style.css,8619,1b8d36e555b4989b87b7d1c5178638137baa9bb9,.css
docs/TDMSachs/Leesu_sans_HMCO_ENG/css/tablet.css,38,264eac649900d6a34474d37883019113a1465c67,.css
docs/TDMSachs/Leesu_sans_HMCO_ENG/data.json,205792,891062c640b854eb3dcebb91174bce8696a36a56,.json
docs/TDMSachs/Leesu_sans_HMCO_ENG/htaccess_example,52,ecbbf85dd9677114d98522c5c0f28f864692f25b,
docs/TDMSachs/Leesu_sans_HMCO_ENG/images/CC.png,2053,cb018a9a9640234d8b2b0bc1c1c9717253bfa32c,.png
docs/TDMSachs/Leesu_sans_HMCO_ENG/images/blank.gif,43,2daeaa8b5f19f0bc209d976c02bd6acb51b00b0a,.gif
docs/TDMSachs/Leesu_sans_HMCO_ENG/images/fancybox_loading.gif,3866,48673ea547f521de42a1a2057df6939cafda7ae5,.gif
docs/TDMSachs/Leesu_sans_HMCO_ENG/images/fancybox_sprite.png,2277,0e3d508543da1e3927cc1c497dc8f336e897981c,.png
docs/TDMSachs/Leesu_sans_HMCO_ENG/images/info.png,407,4b588eb28c977c40dd4ac290aefba963be5014d2,.png
docs/TDMSachs/Leesu_sans_HMCO_ENG/images/jisc-logo-small.png,6489,7a522fe05f07c588e43231b593c553ee429d6f17,.png
docs/TDMSachs/Leesu_sans_HMCO_ENG/images/oii.png,12668,263a1fc9d14059f0c9d838eefa2c1a97b4c6c07e,.png
docs/TDMSachs/Leesu_sans_HMCO_ENG/images/oii_brand.png,2172,755aec59eef8da3e6612a972e0f296876a9960c7,.png
docs/TDMSachs/Leesu_sans_HMCO_ENG/images/oii_text.png,19778,47dea668aa7f0e7149d6cb0427b8569361cc1139,.png
docs/TDMSachs/Leesu_sans_HMCO_ENG/images/rainbow.png,1708,e6251917d5e4f692cc0410dd2107f35c77ba6605,.png
docs/TDMSachs/Leesu_sans_HMCO_ENG/images/sprite.png,5870,9f5e2855efa641bf27c6c591f3a2ccbf066f7228,.png
docs/TDMSachs/Leesu_sans_HMCO_ENG/images/zoom_in.png,4433,c48f3a64ef092141d355a144e7dffc377bce4b61,.png
docs/TDMSachs/Leesu_sans_HMCO_ENG/images/zoom_out.png,4309,e583db8965e31655c4da0fb3df23359f7396fe48,.png
docs/TDMSachs/Leesu_sans_HMCO_ENG/images/zoom_reset.png,4211,d6c85396fe4209636d71e35609c8c2ccaa8e775a,.png
docs/TDMSachs/Leesu_sans_HMCO_ENG/index.html,4033,00042d7da8a5bf4b03ae6ad6175e39d6f95bde01,.html
docs/TDMSachs/Leesu_sans_HMCO_ENG/js/excanvas.js,17519,550e23b34737b5d4ef1cc8f82f9d24b19b6f3ea8,.js
docs/TDMSachs/Leesu_sans_HMCO_ENG/js/fancybox/jquery.fancybox.css,3921,336e35d431a5fc9694daf7c0eddf9b6982de9222,.css
docs/TDMSachs/Leesu_sans_HMCO_ENG/js/fancybox/jquery.fancybox.pack.js,17638,915955b4aa04c00f818fd09ae143f3845dd2fa14,.js
docs/TDMSachs/Leesu_sans_HMCO_ENG/js/jquery/jquery.min.js,94840,abcd2ba13348f178b17141b445bc99f1917d47af,.js
docs/TDMSachs/Leesu_sans_HMCO_ENG/js/main.js,19089,d0dec711417635fc065702186f72b6e8ffcedf71,.js
docs/TDMSachs/Leesu_sans_HMCO_ENG/js/sigma/_sigma.min.js,31443,bd0ca324b5873e4c065036c1fa03a3c86778eead,.js
docs/TDMSachs/Leesu_sans_HMCO_ENG/js/sigma/parseGexf_fin.js,6393,496b6fa2fe97dc17eea5d8f925a802f3ab72cc29,.js
docs/TDMSachs/Leesu_sans_HMCO_ENG/js/sigma/sigma.js,54698,8e1bb03e472de4d1fc9cf510925c8fa4f3abf066,.js
docs/TDMSachs/Leesu_sans_HMCO_ENG/js/sigma/sigma.min.js,31443,bd0ca324b5873e4c065036c1fa03a3c86778eead,.js
docs/TDMSachs/Leesu_sans_HMCO_ENG/js/sigma/sigma.parseGexf.js,6344,95af76bcb0c3e8ff95041ed96ffdab2e7c8293a7,.js
docs/TDMSachs/Leesu_sans_HMCO_ENG/js/sigma/sigma.parseJson.js,883,adf3fa4622dc85dbdec7f8b399621add99f251fd,.js
docs/TDMSachs/Leesu_sans_HMCO_ENG/web.config,271,1f31d99e720946c2d8ef99961196b24211d6df3b,.config
docs/TDMSachs/Leesu_sans_HMCO_FRA/README.txt,1045,ec437d5a73eb9b66057e8011889a06f3f2eceb51,.txt
docs/TDMSachs/Leesu_sans_HMCO_FRA/config.json,1385,f26e60e040bf75f64fb94a30b1e40f47338a0bdf,.json
docs/TDMSachs/Leesu_sans_HMCO_FRA/css/style.css,8619,1b8d36e555b4989b87b7d1c5178638137baa9bb9,.css
docs/TDMSachs/Leesu_sans_HMCO_FRA/css/tablet.css,38,264eac649900d6a34474d37883019113a1465c67,.css
docs/TDMSachs/Leesu_sans_HMCO_FRA/data.json,127800,f9211e608480533c57a67cc660001a103148a25e,.json
docs/TDMSachs/Leesu_sans_HMCO_FRA/htaccess_example,52,ecbbf85dd9677114d98522c5c0f28f864692f25b,
docs/TDMSachs/Leesu_sans_HMCO_FRA/images/CC.png,2053,cb018a9a9640234d8b2b0bc1c1c9717253bfa32c,.png
docs/TDMSachs/Leesu_sans_HMCO_FRA/images/blank.gif,43,2daeaa8b5f19f0bc209d976c02bd6acb51b00b0a,.gif
docs/TDMSachs/Leesu_sans_HMCO_FRA/images/fancybox_loading.gif,3866,48673ea547f521de42a1a2057df6939cafda7ae5,.gif
docs/TDMSachs/Leesu_sans_HMCO_FRA/images/fancybox_sprite.png,2277,0e3d508543da1e3927cc1c497dc8f336e897981c,.png
docs/TDMSachs/Leesu_sans_HMCO_FRA/images/info.png,407,4b588eb28c977c40dd4ac290aefba963be5014d2,.png
docs/TDMSachs/Leesu_sans_HMCO_FRA/images/jisc-logo-small.png,6489,7a522fe05f07c588e43231b593c553ee429d6f17,.png
docs/TDMSachs/Leesu_sans_HMCO_FRA/images/oii.png,12668,263a1fc9d14059f0c9d838eefa2c1a97b4c6c07e,.png
docs/TDMSachs/Leesu_sans_HMCO_FRA/images/oii_brand.png,2172,755aec59eef8da3e6612a972e0f296876a9960c7,.png
docs/TDMSachs/Leesu_sans_HMCO_FRA/images/oii_text.png,19778,47dea668aa7f0e7149d6cb0427b8569361cc1139,.png
docs/TDMSachs/Leesu_sans_HMCO_FRA/images/rainbow.png,1708,e6251917d5e4f692cc0410dd2107f35c77ba6605,.png
docs/TDMSachs/Leesu_sans_HMCO_FRA/images/sprite.png,5870,9f5e2855efa641bf27c6c591f3a2ccbf066f7228,.png
docs/TDMSachs/Leesu_sans_HMCO_FRA/images/zoom_in.png,4433,c48f3a64ef092141d355a144e7dffc377bce4b61,.png
docs/TDMSachs/Leesu_sans_HMCO_FRA/images/zoom_out.png,4309,e583db8965e31655c4da0fb3df23359f7396fe48,.png
docs/TDMSachs/Leesu_sans_HMCO_FRA/images/zoom_reset.png,4211,d6c85396fe4209636d71e35609c8c2ccaa8e775a,.png
docs/TDMSachs/Leesu_sans_HMCO_FRA/index.html,4033,00042d7da8a5bf4b03ae6ad6175e39d6f95bde01,.html
docs/TDMSachs/Leesu_sans_HMCO_FRA/js/excanvas.js,17519,550e23b34737b5d4ef1cc8f82f9d24b19b6f3ea8,.js
docs/TDMSachs/Leesu_sans_HMCO_FRA/js/fancybox/jquery.fancybox.css,3921,336e35d431a5fc9694daf7c0eddf9b6982de9222,.css
docs/TDMSachs/Leesu_sans_HMCO_FRA/js/fancybox/jquery.fancybox.pack.js,17638,915955b4aa04c00f818fd09ae143f3845dd2fa14,.js
docs/TDMSachs/Leesu_sans_HMCO_FRA/js/jquery/jquery.min.js,94840,abcd2ba13348f178b17141b445bc99f1917d47af,.js
docs/TDMSachs/Leesu_sans_HMCO_FRA/js/main.js,19089,d0dec711417635fc065702186f72b6e8ffcedf71,.js
docs/TDMSachs/Leesu_sans_HMCO_FRA/js/sigma/_sigma.min.js,31443,bd0ca324b5873e4c065036c1fa03a3c86778eead,.js
docs/TDMSachs/Leesu_sans_HMCO_FRA/js/sigma/parseGexf_fin.js,6393,496b6fa2fe97dc17eea5d8f925a802f3ab72cc29,.js
docs/TDMSachs/Leesu_sans_HMCO_FRA/js/sigma/sigma.js,54698,8e1bb03e472de4d1fc9cf510925c8fa4f3abf066,.js
docs/TDMSachs/Leesu_sans_HMCO_FRA/js/sigma/sigma.min.js,31443,bd0ca324b5873e4c065036c1fa03a3c86778eead,.js
docs/TDMSachs/Leesu_sans_HMCO_FRA/js/sigma/sigma.parseGexf.js,6344,95af76bcb0c3e8ff95041ed96ffdab2e7c8293a7,.js
docs/TDMSachs/Leesu_sans_HMCO_FRA/js/sigma/sigma.parseJson.js,883,adf3fa4622dc85dbdec7f8b399621add99f251fd,.js
docs/TDMSachs/Leesu_sans_HMCO_FRA/web.config,271,1f31d99e720946c2d8ef99961196b24211d6df3b,.config
docs/TDMSachs/networkv1/README.txt,1045,ec437d5a73eb9b66057e8011889a06f3f2eceb51,.txt
docs/TDMSachs/networkv1/config.json,1178,a0dad70f47d2952c5705d39239f48c9a7f414c0a,.json
docs/TDMSachs/networkv1/css/style.css,8619,1b8d36e555b4989b87b7d1c5178638137baa9bb9,.css
docs/TDMSachs/networkv1/css/tablet.css,38,264eac649900d6a34474d37883019113a1465c67,.css
docs/TDMSachs/networkv1/data.json,88380,85598d099715390b16c06952bfa4cea8814988fe,.json
docs/TDMSachs/networkv1/htaccess_example,52,ecbbf85dd9677114d98522c5c0f28f864692f25b,
docs/TDMSachs/networkv1/images/CC.png,2053,cb018a9a9640234d8b2b0bc1c1c9717253bfa32c,.png
docs/TDMSachs/networkv1/images/blank.gif,43,2daeaa8b5f19f0bc209d976c02bd6acb51b00b0a,.gif
docs/TDMSachs/networkv1/images/fancybox_loading.gif,3866,48673ea547f521de42a1a2057df6939cafda7ae5,.gif
docs/TDMSachs/networkv1/images/fancybox_sprite.png,2277,0e3d508543da1e3927cc1c497dc8f336e897981c,.png
docs/TDMSachs/networkv1/images/info.png,407,4b588eb28c977c40dd4ac290aefba963be5014d2,.png
docs/TDMSachs/networkv1/images/jisc-logo-small.png,6489,7a522fe05f07c588e43231b593c553ee429d6f17,.png
docs/TDMSachs/networkv1/images/oii.png,12668,263a1fc9d14059f0c9d838eefa2c1a97b4c6c07e,.png
docs/TDMSachs/networkv1/images/oii_brand.png,2172,755aec59eef8da3e6612a972e0f296876a9960c7,.png
docs/TDMSachs/networkv1/images/oii_text.png,19778,47dea668aa7f0e7149d6cb0427b8569361cc1139,.png
docs/TDMSachs/networkv1/images/rainbow.png,1708,e6251917d5e4f692cc0410dd2107f35c77ba6605,.png
docs/TDMSachs/networkv1/images/sprite.png,5870,9f5e2855efa641bf27c6c591f3a2ccbf066f7228,.png
docs/TDMSachs/networkv1/images/zoom_in.png,4433,c48f3a64ef092141d355a144e7dffc377bce4b61,.png
docs/TDMSachs/networkv1/images/zoom_out.png,4309,e583db8965e31655c4da0fb3df23359f7396fe48,.png
docs/TDMSachs/networkv1/images/zoom_reset.png,4211,d6c85396fe4209636d71e35609c8c2ccaa8e775a,.png
docs/TDMSachs/networkv1/index.html,4033,00042d7da8a5bf4b03ae6ad6175e39d6f95bde01,.html
docs/TDMSachs/networkv1/js/excanvas.js,17519,550e23b34737b5d4ef1cc8f82f9d24b19b6f3ea8,.js
docs/TDMSachs/networkv1/js/fancybox/jquery.fancybox.css,3921,336e35d431a5fc9694daf7c0eddf9b6982de9222,.css
docs/TDMSachs/networkv1/js/fancybox/jquery.fancybox.pack.js,17638,915955b4aa04c00f818fd09ae143f3845dd2fa14,.js
docs/TDMSachs/networkv1/js/jquery/jquery.min.js,94840,abcd2ba13348f178b17141b445bc99f1917d47af,.js
docs/TDMSachs/networkv1/js/main.js,19089,d0dec711417635fc065702186f72b6e8ffcedf71,.js
docs/TDMSachs/networkv1/js/sigma/_sigma.min.js,31443,bd0ca324b5873e4c065036c1fa03a3c86778eead,.js
docs/TDMSachs/networkv1/js/sigma/parseGexf_fin.js,6393,496b6fa2fe97dc17eea5d8f925a802f3ab72cc29,.js
docs/TDMSachs/networkv1/js/sigma/sigma.js,54698,8e1bb03e472de4d1fc9cf510925c8fa4f3abf066,.js
docs/TDMSachs/networkv1/js/sigma/sigma.min.js,31443,bd0ca324b5873e4c065036c1fa03a3c86778eead,.js
docs/TDMSachs/networkv1/js/sigma/sigma.parseGexf.js,6344,95af76bcb0c3e8ff95041ed96ffdab2e7c8293a7,.js
docs/TDMSachs/networkv1/js/sigma/sigma.parseJson.js,883,adf3fa4622dc85dbdec7f8b399621add99f251fd,.js
docs/TDMSachs/networkv1/web.config,271,1f31d99e720946c2d8ef99961196b24211d6df3b,.config
docs/TDMSachs/networkv2/README.txt,1045,ec437d5a73eb9b66057e8011889a06f3f2eceb51,.txt
docs/TDMSachs/networkv2/config.json,1183,c770c99efcf8de33aa011afd946748d0ca64ce2d,.json
docs/TDMSachs/networkv2/css/style.css,8619,1b8d36e555b4989b87b7d1c5178638137baa9bb9,.css
docs/TDMSachs/networkv2/css/tablet.css,38,264eac649900d6a34474d37883019113a1465c67,.css
docs/TDMSachs/networkv2/data.json,48991,44e17dd29451d00596018686b0e72b84959993c2,.json
docs/TDMSachs/networkv2/htaccess_example,52,ecbbf85dd9677114d98522c5c0f28f864692f25b,
docs/TDMSachs/networkv2/images/CC.png,2053,cb018a9a9640234d8b2b0bc1c1c9717253bfa32c,.png
docs/TDMSachs/networkv2/images/blank.gif,43,2daeaa8b5f19f0bc209d976c02bd6acb51b00b0a,.gif
docs/TDMSachs/networkv2/images/fancybox_loading.gif,3866,48673ea547f521de42a1a2057df6939cafda7ae5,.gif
docs/TDMSachs/networkv2/images/fancybox_sprite.png,2277,0e3d508543da1e3927cc1c497dc8f336e897981c,.png
docs/TDMSachs/networkv2/images/info.png,407,4b588eb28c977c40dd4ac290aefba963be5014d2,.png
docs/TDMSachs/networkv2/images/jisc-logo-small.png,6489,7a522fe05f07c588e43231b593c553ee429d6f17,.png
docs/TDMSachs/networkv2/images/oii.png,12668,263a1fc9d14059f0c9d838eefa2c1a97b4c6c07e,.png
docs/TDMSachs/networkv2/images/oii_brand.png,2172,755aec59eef8da3e6612a972e0f296876a9960c7,.png
docs/TDMSachs/networkv2/images/oii_text.png,19778,47dea668aa7f0e7149d6cb0427b8569361cc1139,.png
docs/TDMSachs/networkv2/images/rainbow.png,1708,e6251917d5e4f692cc0410dd2107f35c77ba6605,.png
docs/TDMSachs/networkv2/images/sprite.png,5870,9f5e2855efa641bf27c6c591f3a2ccbf066f7228,.png
docs/TDMSachs/networkv2/images/zoom_in.png,4433,c48f3a64ef092141d355a144e7dffc377bce4b61,.png
docs/TDMSachs/networkv2/images/zoom_out.png,4309,e583db8965e31655c4da0fb3df23359f7396fe48,.png
docs/TDMSachs/networkv2/images/zoom_reset.png,4211,d6c85396fe4209636d71e35609c8c2ccaa8e775a,.png
docs/TDMSachs/networkv2/index.html,4033,00042d7da8a5bf4b03ae6ad6175e39d6f95bde01,.html
docs/TDMSachs/networkv2/js/excanvas.js,17519,550e23b34737b5d4ef1cc8f82f9d24b19b6f3ea8,.js
docs/TDMSachs/networkv2/js/fancybox/jquery.fancybox.css,3921,336e35d431a5fc9694daf7c0eddf9b6982de9222,.css
docs/TDMSachs/networkv2/js/fancybox/jquery.fancybox.pack.js,17638,915955b4aa04c00f818fd09ae143f3845dd2fa14,.js
docs/TDMSachs/networkv2/js/jquery/jquery.min.js,94840,abcd2ba13348f178b17141b445bc99f1917d47af,.js
docs/TDMSachs/networkv2/js/main.js,19089,d0dec711417635fc065702186f72b6e8ffcedf71,.js
docs/TDMSachs/networkv2/js/sigma/_sigma.min.js,31443,bd0ca324b5873e4c065036c1fa03a3c86778eead,.js
docs/TDMSachs/networkv2/js/sigma/parseGexf_fin.js,6393,496b6fa2fe97dc17eea5d8f925a802f3ab72cc29,.js
docs/TDMSachs/networkv2/js/sigma/sigma.js,54698,8e1bb03e472de4d1fc9cf510925c8fa4f3abf066,.js
docs/TDMSachs/networkv2/js/sigma/sigma.min.js,31443,bd0ca324b5873e4c065036c1fa03a3c86778eead,.js
docs/TDMSachs/networkv2/js/sigma/sigma.parseGexf.js,6344,95af76bcb0c3e8ff95041ed96ffdab2e7c8293a7,.js
docs/TDMSachs/networkv2/js/sigma/sigma.parseJson.js,883,adf3fa4622dc85dbdec7f8b399621add99f251fd,.js
docs/TDMSachs/networkv2/web.config,271,1f31d99e720946c2d8ef99961196b24211d6df3b,.config
docs/TDMSachs/networkv3/README.txt,1045,ec437d5a73eb9b66057e8011889a06f3f2eceb51,.txt
docs/TDMSachs/networkv3/config.json,1188,c20feae475f062a9e53432be089037537a9b4c1f,.json
docs/TDMSachs/networkv3/css/style.css,8619,1b8d36e555b4989b87b7d1c5178638137baa9bb9,.css
docs/TDMSachs/networkv3/css/tablet.css,38,264eac649900d6a34474d37883019113a1465c67,.css
docs/TDMSachs/networkv3/data.json,29740,851af84cd801a911d32e3453c7a88a07f7e79fd8,.json
docs/TDMSachs/networkv3/htaccess_example,52,ecbbf85dd9677114d98522c5c0f28f864692f25b,
docs/TDMSachs/networkv3/images/CC.png,2053,cb018a9a9640234d8b2b0bc1c1c9717253bfa32c,.png
docs/TDMSachs/networkv3/images/blank.gif,43,2daeaa8b5f19f0bc209d976c02bd6acb51b00b0a,.gif
docs/TDMSachs/networkv3/images/fancybox_loading.gif,3866,48673ea547f521de42a1a2057df6939cafda7ae5,.gif
docs/TDMSachs/networkv3/images/fancybox_sprite.png,2277,0e3d508543da1e3927cc1c497dc8f336e897981c,.png
docs/TDMSachs/networkv3/images/info.png,407,4b588eb28c977c40dd4ac290aefba963be5014d2,.png
docs/TDMSachs/networkv3/images/jisc-logo-small.png,6489,7a522fe05f07c588e43231b593c553ee429d6f17,.png
docs/TDMSachs/networkv3/images/oii.png,12668,263a1fc9d14059f0c9d838eefa2c1a97b4c6c07e,.png
docs/TDMSachs/networkv3/images/oii_brand.png,2172,755aec59eef8da3e6612a972e0f296876a9960c7,.png
docs/TDMSachs/networkv3/images/oii_text.png,19778,47dea668aa7f0e7149d6cb0427b8569361cc1139,.png
docs/TDMSachs/networkv3/images/rainbow.png,1708,e6251917d5e4f692cc0410dd2107f35c77ba6605,.png
docs/TDMSachs/networkv3/images/sprite.png,5870,9f5e2855efa641bf27c6c591f3a2ccbf066f7228,.png
docs/TDMSachs/networkv3/images/zoom_in.png,4433,c48f3a64ef092141d355a144e7dffc377bce4b61,.png
docs/TDMSachs/networkv3/images/zoom_out.png,4309,e583db8965e31655c4da0fb3df23359f7396fe48,.png
docs/TDMSachs/networkv3/images/zoom_reset.png,4211,d6c85396fe4209636d71e35609c8c2ccaa8e775a,.png
docs/TDMSachs/networkv3/index.html,4033,00042d7da8a5bf4b03ae6ad6175e39d6f95bde01,.html
docs/TDMSachs/networkv3/js/excanvas.js,17519,550e23b34737b5d4ef1cc8f82f9d24b19b6f3ea8,.js
docs/TDMSachs/networkv3/js/fancybox/jquery.fancybox.css,3921,336e35d431a5fc9694daf7c0eddf9b6982de9222,.css
docs/TDMSachs/networkv3/js/fancybox/jquery.fancybox.pack.js,17638,915955b4aa04c00f818fd09ae143f3845dd2fa14,.js
docs/TDMSachs/networkv3/js/jquery/jquery.min.js,94840,abcd2ba13348f178b17141b445bc99f1917d47af,.js
docs/TDMSachs/networkv3/js/main.js,19089,d0dec711417635fc065702186f72b6e8ffcedf71,.js
docs/TDMSachs/networkv3/js/sigma/_sigma.min.js,31443,bd0ca324b5873e4c065036c1fa03a3c86778eead,.js
docs/TDMSachs/networkv3/js/sigma/parseGexf_fin.js,6393,496b6fa2fe97dc17eea5d8f925a802f3ab72cc29,.js
docs/TDMSachs/networkv3/js/sigma/sigma.js,54698,8e1bb03e472de4d1fc9cf510925c8fa4f3abf066,.js
docs/TDMSachs/networkv3/js/sigma/sigma.min.js,31443,bd0ca324b5873e4c065036c1fa03a3c86778eead,.js
docs/TDMSachs/networkv3/js/sigma/sigma.parseGexf.js,6344,95af76bcb0c3e8ff95041ed96ffdab2e7c8293a7,.js
docs/TDMSachs/networkv3/js/sigma/sigma.parseJson.js,883,adf3fa4622dc85dbdec7f8b399621add99f251fd,.js
docs/TDMSachs/networkv3/web.config,271,1f31d99e720946c2d8ef99961196b24211d6df3b,.config
docs/TDMSachs/networkv4/README.txt,1045,ec437d5a73eb9b66057e8011889a06f3f2eceb51,.txt
docs/TDMSachs/networkv4/config.json,1190,fbab9b17d6be10c51885ae2bab94e5d1190a17c1,.json
docs/TDMSachs/networkv4/css/style.css,8619,1b8d36e555b4989b87b7d1c5178638137baa9bb9,.css
docs/TDMSachs/networkv4/css/tablet.css,38,264eac649900d6a34474d37883019113a1465c67,.css
docs/TDMSachs/networkv4/data.json,23432,57a9661ec2710fbbc144182edb959b2783b3beb1,.json
docs/TDMSachs/networkv4/htaccess_example,52,ecbbf85dd9677114d98522c5c0f28f864692f25b,
docs/TDMSachs/networkv4/images/CC.png,2053,cb018a9a9640234d8b2b0bc1c1c9717253bfa32c,.png
docs/TDMSachs/networkv4/images/blank.gif,43,2daeaa8b5f19f0bc209d976c02bd6acb51b00b0a,.gif
docs/TDMSachs/networkv4/images/fancybox_loading.gif,3866,48673ea547f521de42a1a2057df6939cafda7ae5,.gif
docs/TDMSachs/networkv4/images/fancybox_sprite.png,2277,0e3d508543da1e3927cc1c497dc8f336e897981c,.png
docs/TDMSachs/networkv4/images/info.png,407,4b588eb28c977c40dd4ac290aefba963be5014d2,.png
docs/TDMSachs/networkv4/images/jisc-logo-small.png,6489,7a522fe05f07c588e43231b593c553ee429d6f17,.png
docs/TDMSachs/networkv4/images/oii.png,12668,263a1fc9d14059f0c9d838eefa2c1a97b4c6c07e,.png
docs/TDMSachs/networkv4/images/oii_brand.png,2172,755aec59eef8da3e6612a972e0f296876a9960c7,.png
docs/TDMSachs/networkv4/images/oii_text.png,19778,47dea668aa7f0e7149d6cb0427b8569361cc1139,.png
docs/TDMSachs/networkv4/images/rainbow.png,1708,e6251917d5e4f692cc0410dd2107f35c77ba6605,.png
docs/TDMSachs/networkv4/images/sprite.png,5870,9f5e2855efa641bf27c6c591f3a2ccbf066f7228,.png
docs/TDMSachs/networkv4/images/zoom_in.png,4433,c48f3a64ef092141d355a144e7dffc377bce4b61,.png
docs/TDMSachs/networkv4/images/zoom_out.png,4309,e583db8965e31655c4da0fb3df23359f7396fe48,.png
docs/TDMSachs/networkv4/images/zoom_reset.png,4211,d6c85396fe4209636d71e35609c8c2ccaa8e775a,.png
docs/TDMSachs/networkv4/index.html,4033,00042d7da8a5bf4b03ae6ad6175e39d6f95bde01,.html
docs/TDMSachs/networkv4/js/excanvas.js,17519,550e23b34737b5d4ef1cc8f82f9d24b19b6f3ea8,.js
docs/TDMSachs/networkv4/js/fancybox/jquery.fancybox.css,3921,336e35d431a5fc9694daf7c0eddf9b6982de9222,.css
docs/TDMSachs/networkv4/js/fancybox/jquery.fancybox.pack.js,17638,915955b4aa04c00f818fd09ae143f3845dd2fa14,.js
docs/TDMSachs/networkv4/js/jquery/jquery.min.js,94840,abcd2ba13348f178b17141b445bc99f1917d47af,.js
docs/TDMSachs/networkv4/js/main.js,19089,d0dec711417635fc065702186f72b6e8ffcedf71,.js
docs/TDMSachs/networkv4/js/sigma/_sigma.min.js,31443,bd0ca324b5873e4c065036c1fa03a3c86778eead,.js
docs/TDMSachs/networkv4/js/sigma/parseGexf_fin.js,6393,496b6fa2fe97dc17eea5d8f925a802f3ab72cc29,.js
docs/TDMSachs/networkv4/js/sigma/sigma.js,54698,8e1bb03e472de4d1fc9cf510925c8fa4f3abf066,.js
docs/TDMSachs/networkv4/js/sigma/sigma.min.js,31443,bd0ca324b5873e4c065036c1fa03a3c86778eead,.js
docs/TDMSachs/networkv4/js/sigma/sigma.parseGexf.js,6344,95af76bcb0c3e8ff95041ed96ffdab2e7c8293a7,.js
docs/TDMSachs/networkv4/js/sigma/sigma.parseJson.js,883,adf3fa4622dc85dbdec7f8b399621add99f251fd,.js
docs/TDMSachs/networkv4/web.config,271,1f31d99e720946c2d8ef99961196b24211d6df3b,.config
docs/robots.txt,26,63657cbb7d7086c56b0cd4e5c6999bb683664868,.txt
